location,lon,lat,dynasty,year,author,title,lines,source_file
凉州,102.64,37.93,唐,720,王翰,涼州詞二首 一,葡萄美酒夜光杯，欲飲琵琶馬上催。 | 醉臥沙場君莫笑，古來征戰幾人回。,poet.tang.7000.json
凉州,102.64,37.93,唐,720,王翰,涼州詞二首 二,秦中花鳥已應闌，塞外風沙猶自寒。 | 夜聽胡笳折楊柳，教人意氣憶長安。,poet.tang.7000.json
凉州,102.64,37.93,唐,727,王昌齡,相和歌辭 從軍行,向夕臨大荒，朔風軫歸慮。 | 平沙萬里餘，飛鳥宿何處？ | 虜騎獵長原，翩翩傍河去。 | 邊聲搖白草，海氣生黃霧。 | 百戰苦風塵，十年履霜露。 | 雖投定遠筆，未坐將軍樹。 | 早知行路難，悔不理章句。,poet.tang.1000.json
凉州,102.64,37.93,唐,727,王昌齡,相和歌辭 從軍行 二,烽火城西百尺樓，黃昏獨上海風秋。 | 更吹橫笛關山月，誰解金閨萬里愁。,poet.tang.1000.json
凉州,102.64,37.93,唐,727,王昌齡,相和歌辭 從軍行 三,琵琶起舞換新聲，總是關山舊別情。 | 撩亂邊愁彈不盡，高高秋月下長城。,poet.tang.1000.json
凉州,102.64,37.93,唐,727,王昌齡,相和歌辭 從軍行 四,青海長雲暗雪山，孤城遙望雁門關。 | 黃沙百戰穿金甲，不破樓蘭終不還。,poet.tang.1000.json
凉州,102.64,37.93,唐,727,王昌齡,從軍行二首 一,向夕臨大荒，朔風軫歸慮。 | 平沙萬里餘，飛鳥宿何處？ | 虜騎獵長原，翩翩傍河去。 | 邊聲搖白草，海氣生黃霧。 | 百戰苦風塵，十年履霜露。 | 雖投定遠筆，未坐將軍樹。 | 早知行路難，悔不理章句。,poet.tang.6000.json
凉州,102.64,37.93,唐,727,王昌齡,從軍行二首 二,秋草馬蹄輕，角弓持弦急。 | 去爲龍城戰，正值胡兵襲。 | 軍氣橫大荒，戰酣日將入。 | 長風金鼓動，白露鐵衣濕。 | 四起愁邊聲，南庭時佇立。 | 斷蓬孤自轉，寒雁飛相及。 | 萬里雲沙漲，平原冰霰澀。 | 惟聞漢使還，獨向刀環泣。,poet.tang.6000.json
凉州,102.64,37.93,唐,727,王昌齡,從軍行,大將軍出戰，白日暗榆關。 | 三面黃金甲，單于破膽還。,poet.tang.6000.json
凉州,102.64,37.93,唐,727,王昌齡,從軍行七首 一,烽火城西百尺樓，黃昏獨上海風秋。 | 更吹羌笛關山月，無那金閨萬里愁。,poet.tang.6000.json
凉州,102.64,37.93,唐,727,王昌齡,從軍行七首 二,琵琶起舞換新聲，總是關山舊別情。 | 撩亂邊愁聽不盡，高高秋月照長城。,poet.tang.6000.json
凉州,102.64,37.93,唐,727,王昌齡,從軍行七首 三,關城榆葉早疎黃，日暮雲沙古戰場。 | 表請回軍掩塵骨，莫教兵士哭龍荒。,poet.tang.6000.json
凉州,102.64,37.93,唐,727,王昌齡,從軍行七首 四,青海長雲暗雪山，孤城遙望玉門關。 | 黃沙百戰穿金甲，不破樓蘭終不還。,poet.tang.6000.json
凉州,102.64,37.93,唐,727,王昌齡,從軍行七首 五,大漠風塵日色昏，紅旗半捲出轅門。 | 前軍夜戰洮河北，已報生擒吐谷渾。,poet.tang.6000.json
凉州,102.64,37.93,唐,727,王昌齡,從軍行七首 六,胡瓶落膊紫薄汗，碎葉城西秋月團。 | 明敕星馳封寶劒，辭君一夜取樓蘭。,poet.tang.6000.json
凉州,102.64,37.93,唐,727,王昌齡,從軍行七首 七,玉門山嶂幾千重，山北山南總是烽。 | 人依遠戍須看火，馬踏深山不見蹤。,poet.tang.6000.json
剑门,105.53,32.29,宋,1172,陸游,劍門道中遇微雨,衣上征塵雜酒痕，遠遊無處不消魂。 | 此身合是詩人未，細雨騎驢入劍門。,poet.song.127000.json
剑门,105.53,32.29,宋,1172,陸游,馬上作,平橋小陌雨初收，淡日穿雲翠靄浮。 | 楊柳不遮春色斷，一枝紅杏出牆頭。,poet.song.129000.json
剑门,105.53,32.29,宋,1172,陸游,馬上作,白髮憑鞍一老翁，出門漏鼓尚鼕鼕。 | 凄涼旅思傳呼裏，零落新詩假寐中。 | 正苦文移来陸續，何由笠釣入空濛。 | 浮生正自少如意，付與秋風吹斷蓬。,poet.song.130000.json
剑门,105.53,32.29,宋,1172,陸游,馬上作,三十年前客帝城，城南結騎盡豪英。 | 湖山冷落悲陳迹，文字流傳付後生。 | 衰老更禁新卧病，塵埃時拂舊題名。 | 馬頭風捲飛花過，又得殘春一日晴。,poet.song.130000.json
华山,110.09,34.47,宋,985,寇準,華山,祇有天在上，更無山與齊。 | 舉頭紅日近，回首白雲低。,poet.song.4000.json
南昌,115.89,28.68,宋,1082,黄庭堅,登快閣,癡兒了却公家事，快閣東西倚晚晴。 | 落木千山天遠大，澄江一道月分明。 | 朱絃已爲佳人絕，青眼聊因美酒橫。 | 萬里歸船弄長笛，此心吾與白鷗盟。,poet.song.56000.json
合肥,117.28,31.86,宋,1191,姜夔,淡黄柳,空城晓月。 | 吹入垂杨陌。 | 马上单衣寒恻恻。 | 看尽鹅黄嫩绿，都是江南旧相识。 | 正岑寂。 | 明朝又寒食。 | 强携酒、小桥宅，怕梨花落尽成秋色。 | 燕燕飞来，问春何在，唯有池塘自碧。,ci.song.12000.json
吉州,114.99,27.11,宋,1188,辛弃疾,破阵子,醉里挑灯看剑，梦回吹角连营。 | 八百里分麾下炙，五十弦翻塞外声。 | 沙场秋点兵。 | 马作的卢飞快，弓如霹雳弦惊。 | 了却君王天下事，赢得生前身后名。 | 可怜白发生。,ci.song.11000.json
吉州,114.99,27.11,宋,,辛弃疾,破阵子,少日春风满眼，而今秋叶辞柯。 | 便好消磨心下事，莫忆寻常醉后歌。 | 可怜白发多。 | 明日扶头颠倒，倩谁伴舞婆娑。 | 我定思君拼瘦损，君不思兮可奈何。 | 天寒将息呵。,ci.song.11000.json
吉州,114.99,27.11,宋,,辛弃疾,破阵子,宿麦畦中雉鷕，柔桑陌上蚕生。 | 骑火须防花月暗，玉唾长携彩笔行。 | 隔墙人笑声。 | 莫说弓刀事业，依然诗酒功名。 | 千载图中今古事，万石溪头长短亭。 | 小塘风浪平。,ci.song.11000.json
吉州,114.99,27.11,宋,,辛弃疾,破阵子,掷地刘郎玉斗，挂帆西子扁舟。 | 千古风流今在此，万里功名莫放休。 | 君王三百州。 | 燕雀岂知鸿鹄，貂蝉元出兜鍪。 | 却笑泸溪如斗大，肯把牛刀试手不。 | 寿君双玉瓯。,ci.song.11000.json
吉州,114.99,27.11,宋,,辛弃疾,破阵子,菩萨丛中惠眼，硕人诗里娥眉。 | 天上人间真福相，画就描成好靥儿。 | 行时娇更迟。 | 劝酒偏他最劣，笑时犹有些痴。 | 更著十年君看取，两国夫人更是谁。 | 殷勤秋水词。,ci.song.3000.json
大散关,106.73,34.03,宋,1186,陸游,書憤,早歲那知世事艱，中原北望氣如山。 | 樓船夜雪瓜洲渡，鐵馬秋風大散關。 | 塞上長城空自許，鏡中衰鬢已先斑。 | 出師一表真名世，千載誰堪伯仲間。,poet.song.129000.json
大散关,106.73,34.03,宋,1186,陸游,書憤,清汴逶迤貫舊京，宫牆春草幾番生。 | 剖心莫寫孤臣憤，抉眼終看此虜平。 | 天地固將容小醜，冦戎自慣瀆齊盟。 | 蓬窗老抱横行略，未敢隨人說弭兵。,poet.song.129000.json
大散关,106.73,34.03,宋,1186,陸游,書憤,山河自古有乖分，京洛腥膻實未聞。 | 劇盜曾從宗父命，遺民猶望岳家軍。 | 上天悔禍終平虜，公道何人肯散群。 | 白首自知疏報國，尚憑精意祝爐熏。,poet.song.130000.json
天姥山,121.0,29.2,唐,745,李白,夢遊天姥吟留別,海客談瀛洲，煙濤微茫信難求。 | 越人語天姥，雲霓明滅或可覩。 | 天姥連天向天橫，勢拔五嶽掩赤城。 | 天台四萬八千丈，對此欲倒東南傾。 | 我欲因之夢吳越，一夜飛度鏡湖月。 | 湖月照我影，送我至剡溪。 | 謝公宿處今尚在，淥水蕩漾清猨啼。 | 脚著謝公屐，身登青雲梯。 | 半壁見海日，空中聞天雞。 | 千巖萬轉路不定，迷花倚石忽已暝。 | 熊咆龍吟殷巖泉，慄深林兮驚層巔。 | 雲青青兮欲雨，水澹澹兮生煙。 | 列缺霹靂，丘巒崩摧。 | 洞天石扇，訇然中開。 | 青冥浩蕩不見底，日月照耀金銀臺。 | 霓爲衣兮風爲馬，雲之君兮紛紛而來下。 | 虎鼓瑟兮鸞迴車，仙之人兮列如麻。 | 忽魂悸以魄動，怳驚起而長嗟。 | 惟覺時之枕席，失向來之煙霞。 | 世間行樂亦如此，古來萬事東流水。 | 別君去時何時還，且放白鹿青崖間，須行即騎訪名山。 | 安能摧眉折腰事權貴？ | 使我不得開心顏。,poet.tang.8000.json
天姥山,121.0,29.2,唐,747,李白,天台曉望,天台鄰四明，華頂高百越。 | 門標赤城霞，樓棲滄島月。 | 憑高登遠覽，直下見溟渤。 | 雲垂大鵬翻，波動巨鼇沒。 | 風潮爭洶湧，神怪何翕忽。 | 觀奇跡無倪，好道心不歇。 | 攀條摘朱實，服藥鍊金骨。 | 安得生羽毛，千春臥蓬闕。,poet.tang.8000.json
太原,112.55,37.87,唐,735,李白,太原早秋,歲落衆芳歇，時當大火流。 | 霜威出塞早，雲色渡河秋。 | 夢繞邊城月，心飛故國樓。 | 思歸若汾水，無日不悠悠。,poet.tang.8000.json
宣城,118.76,30.95,唐,725,李白,望天門山,天門中斷楚江開，碧水東流至北迴。 | 兩岸青山相對出，孤帆一片日邊來。,poet.tang.8000.json
宣城,118.76,30.95,唐,753,李白,送友人,青山橫北郭，白水遶東城。 | 此地一爲別，孤蓬萬里征。 | 浮雲遊子意，落日故人情。 | 揮手自茲去，蕭蕭班馬鳴。,poet.tang.8000.json
宣城,118.76,30.95,唐,753,李白,宣州謝朓樓餞別校書叔雲,棄我去者昨日之日不可留，亂我心者今日之日多煩憂。 | 長風萬里送秋雁，對此可以酣高樓。 | 蓬萊文章建安骨，中間小謝又清發。 | 俱懷逸興壯思飛，欲上青天覽日月。 | 抽刀斷水水更流，舉杯銷愁愁更愁。 | 人生在世不稱意，明朝散髮弄扁舟。,poet.tang.8000.json
宣城,118.76,30.95,唐,753,李白,秋登宣城謝朓北樓,江城如畫裏，山曉望晴空。 | 兩水夾明鏡，雙橋落彩虹。 | 人煙寒橘柚，秋色老梧桐。 | 誰念北樓上，臨風懷謝公。,poet.tang.8000.json
宣城,118.76,30.95,唐,753,李白,獨坐敬亭山,衆鳥高飛盡，孤雲獨去閑。 | 相看兩不厭，只有敬亭山。,poet.tang.8000.json
宣城,118.76,30.95,唐,755,李白,贈汪倫,李白乘舟將欲行，忽聞岸上踏歌聲。 | 桃花潭水深千尺，不及汪倫送我情。,poet.tang.8000.json
密州,119.41,35.99,宋,1076,苏轼,水调歌头,明月几时有，把酒问青天。 | 不知天上宫阙，今夕是何年。 | 我欲乘风归去，又恐琼楼玉宇，高处不胜寒。 | 起舞弄清影，何似在人间。 | 转朱阁，低绮户，照无眠。 | 不应有恨，何事长向别时圆。 | 人有悲欢离合，月有阴晴圆缺，此事古难全。 | 但愿人长久，千里共婵娟。,ci.song.1000.json
密州,119.41,35.99,宋,,苏轼,水调歌头,落日绣帘卷，亭下水连空。 | 知君为我，新作窗户湿青红。 | 长记平山堂上，敧枕江南烟雨，渺渺没孤鸿。 | 认得醉翁语，山色有无中。 | 一千顷，都镜净，倒碧峰。 | 忽然浪起，掀舞一叶白头翁。 | 堪笑兰台公子，未解庄生天籁，刚道有雌雄。 | 一点浩然气，千里快哉风。,ci.song.1000.json
密州,119.41,35.99,宋,,苏轼,水调歌头,安石在东海，从事鬓惊秋。 | 中年亲友难别，丝竹缓离愁。 | 一旦功成名遂，准拟东还海道，扶病入西州。 | 雅志困轩冕，遗恨寄沧洲。 | 岁云暮，须早计，要褐裘。 | 故乡归去千里，佳处辄迟留。 | 我醉歌时君和，醉倒须君扶我，惟酒可忘忧。 | 一任刘玄德，相对卧高楼。,ci.song.1000.json
密州,119.41,35.99,宋,,苏轼,水调歌头,昵昵儿女语，灯火夜微明。 | 恩冤尔汝来去，弹指泪和声。 | 忽变轩昂勇士，一鼓填然作气，千里不留行。 | 回首暮云远，飞絮搅青冥。 | 众禽里，真彩凤，独不鸣。 | 跻攀寸步千险，一落百寻轻。 | 烦子指间风雨，置我肠中冰炭，起坐不能平。 | 推手从归去，无泪与君倾。,ci.song.1000.json
岳阳,113.13,29.36,唐,768,杜甫,登岳陽樓,昔聞洞庭水，今上岳陽樓。 | 吳楚東南坼，乾坤日夜浮。 | 親朋無一字，老病有孤舟。 | 戎馬關山北，憑軒涕泗流。,poet.tang.11000.json
岳阳,113.13,29.36,唐,824,劉禹錫,望洞庭,湖光秋月兩相和，潭面無風鏡未磨。 | 遙望洞庭山水翠，白銀盤裏一青螺。,poet.tang.19000.json
峨眉山,103.48,29.6,唐,724,李白,峨眉山月歌,峨眉山月半輪秋，影入平羌江水流。 | 夜發清溪向三峽，思君不見下渝州。,poet.tang.8000.json
峨眉山,103.48,29.6,唐,724,李白,登峨眉山,蜀國多仙山，峨眉邈難匹。 | 周流試登覽，絕怪安可息。 | 青冥倚天開，彩錯疑畫出。 | 泠然紫霞賞，果得錦囊術。 | 雲間吟瓊簫，石上弄寶瑟。 | 平生有微尚，歡笑自此畢。 | 烟容如在顏，塵累忽相失。 | 儻逢騎羊子，攜手凌白日。,poet.tang.8000.json
巴山,107.5,31.8,唐,851,李商隱,夜雨寄北,君問歸期未有期，巴山夜雨漲秋池。 | 何當共剪西窗燭，却話巴山夜雨時。,poet.tang.29000.json
巴山,107.5,31.8,唐,858,李商隱,錦瑟,錦瑟無端五十絃，一絃一柱思華年。 | 莊生曉夢迷蝴蝶，望帝春心託杜鵑。 | 滄海月明珠有淚，藍田日暖玉生煙。 | 此情可待成追憶，只是當時已惘然。,poet.tang.29000.json
幽州,116.4,39.9,唐,696,陳子昂,登幽州臺歌,前不見古人，後不見來者。 | 念天地之悠悠，獨愴然而涕下。,poet.tang.4000.json
幽州,116.4,39.9,唐,738,高適,相和歌辭 燕歌行,漢家煙塵在東北，漢將辭家破殘賊。 | 男兒本自重橫行，天子非常賜顏色。 | 摐金伐鼓下榆關，旌旗逶迤碣石間。 | 校尉羽書飛瀚海，單于獵火照狼山。 | 山川蕭條極邊土，胡騎憑凌雜風雨。 | 戰士軍前半死生，美人帳下猶歌舞。 | 大漠窮秋塞草衰，孤城落日鬬兵稀。 | 身當恩遇常輕敵，力盡關山未解圍。 | 鐵衣遠戍辛勤久，玉箸應啼別離後。 | 少婦城南欲斷腸，征人薊北空回首。 | 邊風飄飄那可度，絕域蒼茫更何有。 | 殺氣三日作陣雲，寒聲一夜傳刁斗。 | 相看白刃血紛紛，死節從來豈顧勳。 | 君不見沙場征戰苦，至今猶憶李將軍。,poet.tang.1000.json
幽州,116.4,39.9,唐,738,高適,燕歌行,漢家煙塵在東北，漢將辭家破殘賊。 | 男兒本自重橫行，天子非常賜顏色。 | 摐金伐鼓下榆關，旌斾逶迤碣石間。 | 校尉羽書飛瀚海，單于獵火照狼山。 | 山川蕭條極邊土，胡騎憑陵雜風雨。 | 戰士軍前半死生，美人帳下猶歌舞。 | 大漠窮秋塞草腓，孤城落日鬬兵稀。 | 身當恩遇恆輕敵，力盡關山未解圍。 | 鐵衣遠戍辛勤久，玉筯應啼別離後。 | 少婦城南欲斷腸，征人薊北空回首。 | 邊庭飄颻那可度，絕域蒼茫更何有。 | 殺氣三時作陣雲，寒聲一夜傳刁斗。 | 相看白刃血紛紛，死節從來豈顧勳。 | 君不見沙場征戰苦，至今猶憶李將軍。,poet.tang.10000.json
幽州,116.4,39.9,唐,785,李益,夜上受降城聞笛,入夜思歸切，笛聲清更哀。 | 愁人不願聽，自到枕前來。 | 風起塞雲斷，夜深關月開。 | 平明獨惆悵，落盡一庭梅。,poet.tang.15000.json
幽州,116.4,39.9,唐,785,李益,夜上受降城聞笛,回樂峰前沙似雪，受降城下月如霜。 | 不知何處吹蘆管，一夜征人盡望鄉。,poet.tang.15000.json
庐山,115.98,29.56,唐,760,李白,廬山謠寄盧侍御虛舟,我本楚狂人，鳳歌笑孔丘。 | 手持綠玉杖，朝別黃鶴樓。 | 五嶽尋仙不辭遠，一生好入名山遊。 | 廬山秀出南斗傍，屏風九疊雲錦張，影落明湖青黛光。 | 金闕前開二峰長，銀河倒挂三石梁。 | 香爐瀑布遙相望，迴厓沓嶂凌蒼蒼。 | 翠影紅霞映朝日，鳥飛不到吳天長。 | 登高壯觀天地間，大江茫茫去不還。 | 黃雲萬里動風色，白波九道流雪山。 | 好爲廬山謠，興因廬山發。 | 閑窺石鏡清我心，謝公行處蒼苔沒。 | 早服還丹無世情，琴心三疊道初成。 | 遙見仙人綵雲裏，手把芙蓉朝玉京。 | 先期汗漫九垓上，願接盧敖遊太清。,poet.tang.8000.json
庐山,115.98,29.56,唐,817,白居易,大林寺桃花,人間四月芳菲盡，山寺桃花始盛開。 | 長恨春歸無覓處，不知轉入此中來。,poet.tang.22000.json
庐山,115.98,29.56,宋,1084,蘇軾,題西林壁,橫看成嶺側成峰，遠近高低總不同。 | 不識廬山真面目，只緣身在此山中。,poet.song.45000.json
延州,109.49,36.6,唐,737,王維,使至塞上,單車欲問邊，屬國過居延。 | 征蓬出漢塞，歸雁入胡天。 | 大漠孤煙直，長河落日圓。 | 蕭關逢候吏，都護在燕然。,poet.tang.6000.json
延州,109.49,36.6,唐,737,王維,使至塞上,銜命辭天闕，單車欲問邊。 | 征蓬出漢塞，歸雁入胡天。 | 大漠孤煙直，長河落日圓。 | 蕭關逢候吏，都護在燕然。,poet.tang.6000.json
延州,109.49,36.6,宋,1040,范仲淹,苏幕遮,碧云天，黄叶地。 | 秋色连波，波上寒烟翠。 | 山映斜阳天接水。 | 芳草无情，更在斜阳外。 | 黯乡魂，追旅思。 | 夜夜除非，好梦留人睡。 | 明月楼高休独倚。 | 酒入愁肠，化作相思泪。,ci.song.0.json
延州,109.49,36.6,宋,1040,范仲淹,渔家傲,塞下秋来风景异。 | 衡阳雁去无留意。 | 四面边声连角起。 | 千嶂里。 | 长烟落日孤城闭。 | 浊酒一杯家万里。 | 燕然未勒归无计。 | 羌管悠悠霜满地。 | 人不寐。 | 将军白发征夫泪。,ci.song.0.json
建州,118.3,27.05,宋,1196,朱熹,春日,勝日尋芳泗水濱，無邊光景一時新。 | 等閑識得東風面，萬紫千紅總是春。,poet.song.147000.json
彭城,117.18,34.26,唐,826,劉禹錫,浪淘沙九首 一,九曲黃河萬里沙，浪淘風簸自天涯。 | 如今直上銀河去，同到牽牛織女家。,poet.tang.19000.json
彭城,117.18,34.26,唐,826,劉禹錫,浪淘沙九首 二,洛水橋邊春日斜，碧流清淺見瓊砂。 | 無端陌上狂風急，驚起鴛鴦出浪花。,poet.tang.19000.json
彭城,117.18,34.26,唐,826,劉禹錫,浪淘沙九首 三,汴水東流虎眼紋，清淮曉色鴨頭春。 | 君看渡口淘沙處，渡却人間多少人。,poet.tang.19000.json
彭城,117.18,34.26,唐,826,劉禹錫,浪淘沙九首 四,鸚鵡洲頭浪颭沙，青樓春望日將斜。 | 銜泥燕子爭歸舍，獨自狂夫不憶家。,poet.tang.19000.json
彭城,117.18,34.26,唐,826,劉禹錫,浪淘沙九首 五,濯錦江邊兩岸花，春風吹浪正淘沙。 | 女郎剪下鴛鴦錦，將向中流疋晚霞。,poet.tang.19000.json
彭城,117.18,34.26,唐,826,劉禹錫,浪淘沙九首 六,日照澄洲江霧開，淘金女伴滿江隈。 | 美人首飾侯王印，盡是沙中浪底來。,poet.tang.19000.json
彭城,117.18,34.26,唐,826,劉禹錫,浪淘沙九首 七,八月濤聲吼地來，頭高數丈觸山回。 | 須臾却入海門去，卷起沙堆似雪堆。,poet.tang.19000.json
彭城,117.18,34.26,唐,826,劉禹錫,浪淘沙九首 八,莫道讒言如浪深，莫言遷客似沙沉。 | 千淘萬漉雖辛苦，吹盡狂沙始到金。,poet.tang.19000.json
彭城,117.18,34.26,唐,826,劉禹錫,浪淘沙九首 九,流水淘沙不暫停，前波未滅後波生。 | 令人忽憶瀟湘渚，回唱迎神三兩聲。,poet.tang.19000.json
彭城,117.18,34.26,唐,826,劉禹錫,雜曲歌辭 浪淘沙 一,九曲黃河萬里沙，浪淘風簸自天涯。 | 如今直上銀河去，同到牽牛織女家。,poet.tang.2000.json
彭城,117.18,34.26,唐,826,劉禹錫,雜曲歌辭 浪淘沙 二,洛水橋邊春日斜，碧流輕淺見瓊沙。 | 無端陌上狂風急，驚起鴛鴦出浪花。,poet.tang.2000.json
彭城,117.18,34.26,唐,826,劉禹錫,雜曲歌辭 浪淘沙 三,汴水東流虎眼文，清淮曉色鴨頭春。 | 君看渡口淘沙處，渡却人間多少人。,poet.tang.2000.json
彭城,117.18,34.26,唐,826,劉禹錫,雜曲歌辭 浪淘沙 四,鸚鵡洲頭浪颭沙，青樓春望日將斜。 | 銜泥燕子爭歸舍，獨自狂夫不憶家。,poet.tang.2000.json
彭城,117.18,34.26,唐,826,劉禹錫,雜曲歌辭 浪淘沙 五,濯錦江邊兩岸花，春風吹浪正淘沙。 | 女郎剪下鴛鴦錦，將向中流疋晚霞。,poet.tang.2000.json
彭城,117.18,34.26,唐,826,劉禹錫,雜曲歌辭 浪淘沙 六,日照澄洲江霧開，淘金女伴滿江隈。 | 美人首飾侯王印，盡是沙中浪底來。,poet.tang.2000.json
彭城,117.18,34.26,唐,826,劉禹錫,雜曲歌辭 浪淘沙 七,八月濤聲吼地來，頭高數丈觸山迴。 | 須臾却入海門去，卷起沙堆似雪堆。,poet.tang.2000.json
彭城,117.18,34.26,唐,826,劉禹錫,雜曲歌辭 浪淘沙 八,莫道讒言如浪深，莫言遷客似沙沈。 | 千淘萬漉雖辛苦，吹盡狂沙始到金。,poet.tang.2000.json
彭城,117.18,34.26,唐,826,劉禹錫,雜曲歌辭 浪淘沙 九,流水淘沙不暫停，前波未滅後波生。 | 令人忽憶瀟湘渚，迴唱迎神三兩聲。,poet.tang.2000.json
彭城,117.18,34.26,宋,1078,苏轼,永遇乐,长忆别时，景疏楼上，明月如水。 | 美酒清歌，留连不住，月随人千里。 | 别来三度，孤光又满，冷落共谁同醉。 | 卷珠帘，凄然顾影，共伊到明无寐。 | 今朝有客，来从淮上，能道使君深意。 | 凭仗清淮，分明到海，中有相思泪。 | 而今何在，西垣清禁，夜永露华侵被。 | 此时看，回廊晓月，也应暗记。,ci.song.1000.json
彭城,117.18,34.26,宋,1078,苏轼,永遇乐,明月如霜，好风如水，清景无限。 | 曲港跳鱼，圆荷泻露，寂寞无人见。 | 紞如三鼓，铿然一叶，黯黯梦云惊断。 | 夜茫茫，重寻无处，觉来小园行遍。 | 天涯倦客，山中归路，望断故园心眼。 | 燕子楼空，佳人何在，空锁楼中燕。 | 古今如梦，何曾梦觉，但有旧欢新怨。 | 异时对，黄楼夜景，为余浩叹。,ci.song.1000.json
彭城,117.18,34.26,宋,1078,苏轼,浣溪沙,簌簌衣巾落枣花。 | 村南村北响缲车。 | 牛衣古柳卖黄瓜。 | 酒困路长惟欲睡，日高人渴漫思茶。 | 敲门试问野人家。,ci.song.1000.json
成都,104.06,30.57,唐,735,李白,聽蜀僧濬彈琴,蜀僧抱綠綺，西下峨眉峰。 | 爲我一揮手，如聽萬壑松。 | 客心洗流水，餘響入霜鐘。 | 不覺碧山暮，秋雲暗幾重。,poet.tang.8000.json
成都,104.06,30.57,唐,742,李白,送友人入蜀,見說蠶叢路，崎嶇不易行。 | 山從人面起，雲傍馬頭生。 | 芳樹籠秦棧，春流遶蜀城。 | 升沉應已定，不必問君平。,poet.tang.8000.json
成都,104.06,30.57,唐,760,杜甫,蜀相,丞相祠堂何處尋，錦官城外柏森森。 | 映堦碧草自春色，隔葉黃鸝空好音。 | 三顧頻煩天下計，兩朝開濟老臣心。 | 出師未捷身先死，長使英雄淚滿襟。,poet.tang.11000.json
成都,104.06,30.57,唐,761,杜甫,茅屋爲秋風所破歌,八月秋高風怒號，卷我屋上三重茅。 | 茅飛度江灑江郊，高者挂罥長林梢。 | 下者飄轉沈塘坳，南邨羣童欺我老無力。 | 忍能對面爲盜賊，公然抱茅入竹去。 | 脣焦口燥呼不得，歸來倚仗自歎息。 | 俄頃風定雲墨色，秋天漠漠向昏黑。 | 布衾多年冷似鐵，驕兒惡臥踏裏裂。 | 牀牀屋漏無乾處，雨脚如麻未斷絕。 | 自經喪亂少睡眠，長夜霑濕何由徹。 | 安得廣廈千萬間，大庇天下寒士俱歡顏。 | 風雨不動安如山，嗚呼！何時眼前突兀見此屋？ | 吾廬獨破受凍死亦足。,poet.tang.10000.json
成都,104.06,30.57,唐,761,杜甫,野望,清秋望不極，迢遰起曾陰。 | 遠水兼天淨，孤城隱霧深。 | 葉稀風更落，山迥日初沈。 | 獨鶴歸何晚，昏鴉已滿林。,poet.tang.11000.json
成都,104.06,30.57,唐,761,杜甫,客至,舍南舍北皆春水，但見羣鷗日日來。 | 花徑不曾緣客掃，蓬門今始爲君開。 | 盤餐市遠無兼味，樽酒家貧只舊醅。 | 肯與鄰翁相對飲，隔籬呼取盡餘桮。,poet.tang.11000.json
成都,104.06,30.57,唐,761,杜甫,春夜喜雨,好雨知時節，當春乃發生。 | 隨風潛入夜，潤物細無聲。 | 野徑雲俱黑，江船火獨明。 | 曉看紅濕處，花重錦官城。,poet.tang.11000.json
成都,104.06,30.57,唐,761,杜甫,贈花卿,錦城絲管日紛紛，半入江風半入雲。 | 此曲秪應天上有，人間能得幾回聞。,poet.tang.11000.json
成都,104.06,30.57,唐,761,杜甫,野望,西山白雪三奇戍，南浦清江萬里橋。 | 海內風塵諸弟隔，天涯涕淚一身遙。 | 唯將遲暮供多病，未有涓埃荅聖朝。 | 跨馬出郊時極目，不堪人事日蕭條。,poet.tang.11000.json
成都,104.06,30.57,唐,761,杜甫,野望,金華山北涪水西，仲冬風日始淒淒。 | 山連越巂蟠三蜀，水散巴渝下五溪。 | 獨鶴不知何事舞，飢烏似欲向人啼。 | 射洪春酒寒仍綠，目極傷神誰爲攜。,poet.tang.11000.json
成都,104.06,30.57,唐,761,杜甫,野望,納納乾坤大，行行郡國遙。 | 雲山兼五嶺，風壤帶三苗。 | 野樹侵江闊，春蒲長雪消。 | 扁舟空老去，無補聖明朝。,poet.tang.11000.json
成都,104.06,30.57,唐,764,杜甫,絕句,江邊踏青罷，迴首見旌旗。 | 風起春城暮，高樓鼓角悲。,poet.tang.11000.json
成都,104.06,30.57,唐,764,杜甫,絕句二首 一,遲日江山麗，春風花草香。 | 泥融飛燕子，沙暖睡鴛鴦。,poet.tang.11000.json
成都,104.06,30.57,唐,764,杜甫,絕句二首 二,江碧鳥逾白，山青花欲燃。,poet.tang.11000.json
成都,104.06,30.57,唐,764,杜甫,登樓,花近高樓傷客心，萬方多難此登臨。 | 錦江春色來天地，玉壘浮雲變古今。 | 北極朝廷終不改，西山寇盜莫相侵。 | 可憐後主還祠廟，日暮聊爲梁甫吟。,poet.tang.11000.json
成都,104.06,30.57,唐,764,杜甫,宿府,清秋幕府井梧寒，獨宿江城蠟炬殘。 | 永夜角聲悲自語，中天月色好誰看。 | 風塵荏苒音書絕，關塞蕭條行路難。 | 已忍伶俜十年事，強移栖息一枝安。,poet.tang.11000.json
成都,104.06,30.57,唐,764,杜甫,絕句六首 一,日出籬東水，雲生舍北泥。 | 竹高鳴翡翠，沙僻舞鵾雞。,poet.tang.11000.json
成都,104.06,30.57,唐,764,杜甫,絕句六首 二,藹藹花蘂亂，飛飛蜂蝶多。 | 幽棲身懶動，客至欲如何。,poet.tang.11000.json
成都,104.06,30.57,唐,764,杜甫,絕句六首 三,鑿井交椶葉，開渠斷竹根。 | 扁舟輕褭纜，小徑曲通村。,poet.tang.11000.json
成都,104.06,30.57,唐,764,杜甫,絕句六首 四,急雨捎溪足，斜暉轉樹腰。 | 隔巢黃鳥竝，翻藻白魚跳。,poet.tang.11000.json
成都,104.06,30.57,唐,764,杜甫,絕句六首 五,舍下笋穿壁，庭中藤刺簷。 | 地晴絲冉冉，江白草纖纖。,poet.tang.11000.json
成都,104.06,30.57,唐,764,杜甫,絕句六首 六,江動月移石，溪虛雲傍花。 | 鳥棲知故道，帆過宿誰家。,poet.tang.11000.json
成都,104.06,30.57,唐,764,杜甫,絕句四首 一,堂西長笋別開門，塹北行椒却背村。 | 梅熟許同朱老喫，松高擬對阮生論。,poet.tang.11000.json
成都,104.06,30.57,唐,764,杜甫,絕句四首 二,欲作魚梁雲復湍，因驚四月雨聲寒。 | 青溪先有蛟龍窟，竹石如山不敢安。,poet.tang.11000.json
成都,104.06,30.57,唐,764,杜甫,絕句四首 三,兩箇黃鸝鳴翠柳，一行白鷺上青天。 | 窗含西嶺千秋雪，門泊東吳萬里船。,poet.tang.11000.json
成都,104.06,30.57,唐,764,杜甫,絕句四首 四,藥條藥甲潤青青，色過棕亭入草亭。 | 苗滿空山慙取譽，根居隙地怯成形。,poet.tang.11000.json
成都,104.06,30.57,唐,764,杜甫,絕句九首 七,聞道巴山裏，春船正好行。 | 都將百年興，一望九江城。,poet.tang.11000.json
成都,104.06,30.57,唐,764,杜甫,絕句九首 八,水檻溫江口，茅堂石筍西。 | 移船先主廟，洗藥淙沙溪。,poet.tang.11000.json
成都,104.06,30.57,唐,764,杜甫,絕句九首 九,設道春來好，狂風大放顛。 | 吹花隨水去，飜却釣魚船。,poet.tang.11000.json
成都,104.06,30.57,唐,895,韋莊,菩薩蠻 二,人人盡說江南好，遊人只合江南老。 | 春水碧於天，畫船聽雨眠。 | 壚邊人似月，皓腕凝雙雪。 | 未老莫還鄉，還鄉須斷腸。,poet.tang.49000.json
成都,104.06,30.57,唐,900,韋莊,菩薩蠻 三,如今却憶江南樂，當時年少春衫薄。 | 騎馬倚斜橋，滿樓紅袖招。 | 翠屏金屈曲，醉入花叢宿。 | 此度見花枝，白頭誓不歸。,poet.tang.49000.json
扬州,119.42,32.39,唐,726,李白,靜夜思,牀前看月光，疑是地上霜。 | 舉頭望山月，低頭思故鄉。,poet.tang.8000.json
扬州,119.42,32.39,唐,826,劉禹錫,酬樂天揚州初逢席上見贈,巴山楚水淒涼地，二十三年棄置身。 | 懷舊空吟聞篴賦，到鄉翻似爛柯人。 | 沈舟側畔千帆過，病樹前頭萬木春。 | 今日聽君歌一曲，暫憑杯酒長精神。,poet.tang.19000.json
扬州,119.42,32.39,唐,833,杜牧,寄揚州韓綽判官,青山隱隱水迢迢，秋盡江南草木凋。 | 二十四橋明月夜，玉人何處教吹簫。,poet.tang.28000.json
扬州,119.42,32.39,唐,835,杜牧,贈別二首 一,娉娉褭褭十三餘，豆蔻梢頭二月初。 | 春風十里揚州路，卷上珠簾總不如。,poet.tang.28000.json
扬州,119.42,32.39,唐,835,杜牧,贈別二首 二,多情却似總無情，唯覺尊前笑不成。 | 蠟燭有心還惜別，替人垂淚到天明。,poet.tang.28000.json
扬州,119.42,32.39,唐,840,杜牧,遣懷,道泰時還泰，時來命不來。 | 何當離城市，高臥博山隈。,poet.tang.28000.json
扬州,119.42,32.39,唐,840,杜牧,遣懷,落魄江南載酒行，楚腰腸斷掌中輕。 | 十年一覺揚州夢，贏得青樓薄倖名。,poet.tang.28000.json
扬州,119.42,32.39,宋,1176,姜夔,扬州慢,淮左名都，竹西佳处，解鞍少驻初程。 | 过春风十里，尽荠麦青青。 | 自胡马窥江去后，废池乔木，犹厌言兵。 | 渐黄昏，清角吹寒，都在空城。 | 杜郎俊赏，算而今，重到须惊。 | 纵豆蔻词工，青楼梦好，难赋深情。 | 二十四桥仍在，波心荡、冷月无声。 | 念桥边红药，年年知为谁生。,ci.song.12000.json
杭州,120.15,30.25,唐,730,孟浩然,宿建德江,移舟泊煙渚，日暮客愁新。 | 野曠天低樹，江清月近人。,poet.tang.7000.json
杭州,120.15,30.25,宋,1002,柳永,望海潮,东南形胜，三吴都会，钱塘自古繁华。 | 烟柳画桥，风帘翠幕，参差十万人家。 | 云树绕堤沙。 | 怒涛卷霜雪，天堑无涯。 | 市列珠玑，户盈罗绮竞豪奢。 | 重湖叠巘清嘉。 | 有三秋桂子，十里荷花。 | 羌管弄晴，菱歌泛夜，嬉嬉钓叟莲娃。 | 千骑拥高牙。 | 乘醉听箫鼓，吟赏烟霞。 | 异日图将好景，归去凤池夸。,ci.song.0.json
杭州,120.15,30.25,宋,1072,蘇軾,有美堂暴雨,遊人脚底一聲雷，滿座頑雲撥不開。 | 天外黑風吹海立，浙東飛雨過江來。 | 十分瀲灧金樽凸，千杖敲鏗羯鼓催。 | 喚起謫仙泉灑面，倒傾鮫室瀉瓊瑰。,poet.song.44000.json
杭州,120.15,30.25,宋,1090,蘇軾,贈劉景文,荷盡已無擎雨蓋，菊殘猶有傲霜枝。 | 一年好景君須記，正是橙黄橘綠時。,poet.song.45000.json
杭州,120.15,30.25,宋,1175,林升,題臨安邸,山外青山樓外樓，西湖歌舞幾時休。 | 暖風薰得遊人醉，直把杭州作汴州。,poet.song.170000.json
杭州,120.15,30.25,宋,1175,辛弃疾,青玉案,东风夜放花千树。 | 更吹落、星如雨。 | 宝马雕车香满路。 | 凤箫声动，玉壶光转，一夜鱼龙舞。 | 蛾儿雪柳黄金缕。 | 笑语盈盈暗香去。 | 众里寻他千百度。 | 蓦然回首，那人却在，灯火阑珊处。,ci.song.11000.json
杭州,120.15,30.25,宋,1178,楊萬里,小池,泉眼無聲惜細流，樹陰照水愛晴柔。 | 小荷纔露尖尖角，早有蜻蜓立上頭。,poet.song.139000.json
杭州,120.15,30.25,宋,1186,陸游,臨安春雨初霽,世味年来薄似紗，誰令騎馬客京華。 | 小樓一夜聽春雨，深巷明朝賣杏花。 | 矮紙斜行閑作草，晴窗細乳戲分茶。 | 素衣莫起風塵嘆，猶及清明可到家。,poet.song.129000.json
杭州,120.15,30.25,宋,1191,姜夔,暗香,旧时月色。 | 算几番照我，梅边吹笛。 | 唤起玉人，不管清寒与攀摘。 | 何逊而今渐老，都忘却、春风词笔。 | 但怪得、竹外疏花，香冷入瑶席。 | 江国。 | 正寂寂。 | 叹寄与路遥，夜雪初积。 | 翠尊易泣。 | 红萼无言耿相忆。 | 长记曾携手处，千树压、西湖寒碧。 | 又片片、吹尽也，几时见得。,ci.song.12000.json
杭州,120.15,30.25,宋,1191,姜夔,疏影,苔枝缀玉。 | 有翠禽小小，枝上同宿。 | 客里相逢，篱角黄昏，无言自倚修竹。 | 昭君不惯胡沙远，但暗忆、江南江北。 | 想佩环、月夜归来，化作此花幽独。 | 犹记深宫旧事，那人正睡里，飞近蛾绿。 | 莫似春风，不管盈盈，早与安排金屋。 | 还教一片随波去，又却怨、玉龙哀曲。 | 等恁时、重觅幽香，已入小窗横幅。,ci.song.12000.json
柳州,109.43,24.33,唐,815,柳宗元,登柳州城樓寄漳汀封連四州,城上高樓接大荒，海天愁思正茫茫。 | 驚風亂颭芙蓉水，密雨斜侵薜荔牆。 | 嶺樹重遮千里目，江流曲似九廻腸。 | 共來百越文身地，猶自音書滯一鄉。,poet.tang.18000.json
柳州,109.43,24.33,唐,817,柳宗元,酬曹侍御過象縣見寄,破額山前碧玉流，騷人遙駐木蘭舟。 | 春風無限瀟湘意，欲採蘋花不自由。,poet.tang.18000.json
梓州,105.07,31.26,唐,746,杜甫,春日憶李白,白也詩無敵，飄然思不羣。 | 清新庾開府，俊逸鮑參軍。 | 渭北春天樹，江東日暮雲。 | 何時一尊酒，重與細論文。,poet.tang.11000.json
梓州,105.07,31.26,唐,763,杜甫,聞官軍收河南河北,劒外忽傳收薊北，初聞涕淚滿衣裳。 | 却看妻子愁何在，漫卷詩書喜欲狂。 | 白日放歌須縱酒，青春作伴好還鄉。 | 即從巴峽穿巫峽，便下襄陽向洛陽。,poet.tang.11000.json
永州,111.62,26.42,唐,809,柳宗元,江雪,千山鳥飛絕，萬逕人蹤滅。 | 孤舟蓑笠翁，獨釣寒江雪。,poet.tang.18000.json
永州,111.62,26.42,唐,810,柳宗元,漁翁,漁翁夜傍西巖宿，曉汲清湘燃楚竹。 | 煙銷日出不見人，[欸]乃一聲山水綠。 | 迴看天際下中流，巖上無心雲相逐。,poet.tang.18000.json
永州,111.62,26.42,唐,811,柳宗元,溪居,久爲簪組累，幸此南夷謫。 | 閑依農圃鄰，偶似山林客。 | 曉耕翻露草，夜榜響溪石。 | 來往不逢人，長歌楚天碧。,poet.tang.18000.json
汉中,107.03,33.07,唐,730,李白,相和歌辭 蜀道難,噫吁嚱！危乎高哉！蜀道之難難於上青天！蠶叢及魚鳧，開國何茫然。 | 爾來四萬八千歲，乃與秦塞通人煙。 | 西當太白有鳥道，可以橫絕峨眉巔。 | 地崩山摧壯士死，然後天梯石棧方鉤連。 | 上有六龍迴日之高標，下有衝波逆折之迴川。 | 黃鶴之飛尚不得，猨猱欲度愁攀緣。 | 青泥何盤盤，百步九折縈巖巒。 | 捫參歷井仰脅息，以手撫膺坐長歎。 | 問君西遊何時還？畏途巉巖不可攀。 | 但見悲鳥號枯木，雄飛呼雌繞林間。 | 又聞子規啼夜月，愁空山，蜀道之難難於上青天！使人聽此彫朱顏。 | 連峰去天不盈尺，枯松倒挂倚絕壁。 | 飛湍瀑流相喧豗，砅崖轉石萬壑雷。 | 其嶮也若此，嗟爾遠道之人胡爲乎來哉？ | 劒閣崢嶸而崔嵬，一夫當關，萬夫莫開。 | 所守或匪親，化爲狼與豺。 | 朝避猛虎，夕避長蛇。 | 磨牙吮血，殺人如麻。 | 錦城雖云樂，不如早還家。 | 蜀道之難難於上青天，側身西望長咨嗟。,poet.tang.1000.json
汉中,107.03,33.07,唐,730,李白,蜀道難,噫吁戲！危乎高哉！蜀道之難難於上青天！蠶叢及魚鳧，開國何茫然。 | 爾來四萬八千歲，不與秦塞通人煙。 | 西當太白有鳥道，可以橫絕峨眉巔。 | 地崩山摧壯士死，然後天梯石棧相鉤連。 | 上有六龍回日之高標，下有衝波逆折之回川。 | 黃鶴之飛尚不得過，猨猱欲度愁攀援。 | 青泥何盤盤，百步九折縈巖巒。 | 捫參歷井仰脅息，以手撫膺坐長歎。 | 問君西遊何時還？畏途巉巖不可攀。 | 但見悲鳥號古木，雄飛雌從繞林間。 | 又聞子規啼夜月，愁空山，蜀道之難難於上青天，使人聽此凋朱顏。 | 連峯去天不盈尺，枯松倒挂倚絕壁。 | 飛湍瀑流爭喧豗，砅厓轉石萬壑雷。 | 其險也如此，嗟爾遠道之人胡爲乎來哉！劒閣崢嶸而崔嵬，一夫當關，萬夫莫開。 | 所守或匪親，化爲狼與豺。 | 朝避猛虎，夕避長蛇。 | 磨牙吮血，殺人如麻。 | 錦城雖云樂，不如早還家。 | 蜀道之難難於上青天，側身西望長咨嗟。,poet.tang.7000.json
池州,117.49,30.66,唐,754,李白,秋浦歌十七首 一,秋浦長似秋，蕭條使人愁。 | 客愁不可度，行上東大樓。 | 正西望長安，下見江水流。 | 寄言向江水，汝意憶儂不。 | 遙傳一掬淚，爲我達揚州。,poet.tang.8000.json
池州,117.49,30.66,唐,754,李白,秋浦歌十七首 二,秋浦猨夜愁，黃山堪白頭。 | 清溪非隴水，翻作斷腸流。 | 欲去不得去，薄遊成久遊。 | 何年是歸日，雨淚下孤舟。,poet.tang.8000.json
池州,117.49,30.66,唐,754,李白,秋浦歌十七首 三,秋浦錦駝鳥，人間天上稀。 | 山雞羞淥水，不敢照毛衣。,poet.tang.8000.json
池州,117.49,30.66,唐,754,李白,秋浦歌十七首 四,兩鬢入秋浦，一朝颯已衰。 | 猨聲催白髮，長短盡成絲。,poet.tang.8000.json
池州,117.49,30.66,唐,754,李白,秋浦歌十七首 五,秋浦多白猨，超騰若飛雪。 | 牽引條上兒，飲弄水中月。,poet.tang.8000.json
池州,117.49,30.66,唐,754,李白,秋浦歌十七首 六,愁作秋浦客，強看秋浦花。 | 山川如剡縣，風日似長沙。,poet.tang.8000.json
池州,117.49,30.66,唐,754,李白,秋浦歌十七首 七,醉上山公馬，寒歌甯戚牛。 | 空吟白石爛，淚滿黑貂裘。,poet.tang.8000.json
池州,117.49,30.66,唐,754,李白,秋浦歌十七首 八,秋浦千重嶺，水車嶺最奇。 | 天傾欲墮石，水拂寄生枝。,poet.tang.8000.json
池州,117.49,30.66,唐,754,李白,秋浦歌十七首 九,江祖一片石，青天掃畫屏。 | 題詩留萬古，綠字錦苔生。,poet.tang.8000.json
池州,117.49,30.66,唐,754,李白,秋浦歌十七首 十,千千石楠樹，萬萬女貞林。 | 山山白鷺滿，澗澗白猨吟。 | 君莫向秋浦，猨聲碎客心。,poet.tang.8000.json
池州,117.49,30.66,唐,754,李白,秋浦歌十七首 十一,邏人（一作「叉」）橫鳥道，江祖出魚梁。 | 水急客舟（一作「行」）疾，山花拂面香。,poet.tang.8000.json
池州,117.49,30.66,唐,754,李白,秋浦歌十七首 十二,水如一匹練，此地即平天。 | 耐可乘明月，看花上酒船。,poet.tang.8000.json
池州,117.49,30.66,唐,754,李白,秋浦歌十七首 十三,淥水淨素月，月明白鷺飛。 | 郎聽採菱女，一道夜歌歸。,poet.tang.8000.json
池州,117.49,30.66,唐,754,李白,秋浦歌十七首 十四,爐火照天地，紅星亂紫煙。 | 赧郎明月夜，歌曲動寒川。,poet.tang.8000.json
池州,117.49,30.66,唐,754,李白,秋浦歌十七首 十五,白髮三千丈，緣愁似個長。 | 不知明鏡裡，何處得秋霜。,poet.tang.8000.json
池州,117.49,30.66,唐,754,李白,秋浦歌十七首 十六,秋浦田舍翁，採魚水中宿。 | 妻子張白鷴，結罝暎深竹。,poet.tang.8000.json
池州,117.49,30.66,唐,754,李白,秋浦歌十七首 十七,桃波（一作「陂」）一步地，了了語聲聞。 | 闇與山僧別，低頭禮白雲。,poet.tang.8000.json
汴京,114.35,34.8,唐,790,李益,汴河曲,汴水東流無限春，隋家宮闕已成塵。 | 行人莫上長堤望，風起楊花愁殺人。,poet.tang.15000.json
汴京,114.35,34.8,唐,977,後主煜,浪淘沙 二,往事只堪哀，對景難排。 | 秋風庭院蘚侵階，一桁珠簾閑不卷，終日誰來。 | 金劒已沈埋，壯氣蒿萊。 | 晚涼天淨月華開，想得玉樓瑤殿影，空照秦淮。,poet.tang.49000.json
汴京,114.35,34.8,宋,1005,柳永,雨霖铃,寒蝉凄切。 | 对长亭晚，骤雨初歇。 | 都门帐饮无绪，留恋处、兰舟催发。 | 执手相看泪眼，竟无语凝噎。 | 念去去、千里烟波，暮霭沈沈楚天阔。 | 多情自古伤离别。 | 更那堪、冷落清秋节。 | 今宵酒醒何处，杨柳岸、晓风残月。 | 此去经年，应是良辰、好景虚设。 | 便纵有、千种风情，更与何人说。,ci.song.0.json
汴京,114.35,34.8,宋,1008,柳永,鹤冲天,闲窗漏永，月冷霜华堕。 | 悄悄下帘幕，残灯火。 | 再三追往事，离魂乱、愁肠锁。 | 无语沉吟坐。 | 好天好景，未省展眉则个。 | 从前早是多成破。 | 何况经岁月，相抛亸。 | 假使重相见，还得似、旧时麽。 | 悔恨无计那。 | 迢迢良夜，自家只恁摧挫。,ci.song.0.json
汴京,114.35,34.8,宋,1008,柳永,鹤冲天,黄金榜上。 | 偶失龙头望。 | 明代暂遗贤，如何向。 | 未遂风云便，争不恣狂荡。 | 何须论得丧。 | 才子词人，自是白衣卿相。 | 烟花巷陌，依约丹青屏障。 | 幸有意中人，堪寻访。 | 且恁偎红翠，风流事、平生畅。 | 青春都一饷。 | 忍把浮名，换了浅斟低唱。,ci.song.0.json
汴京,114.35,34.8,宋,1018,柳永,八声甘州,对潇潇、暮雨洒江天，一番洗清秋。 | 渐霜风凄惨，关河冷落，残照当楼。 | 是处红衰翠减，苒苒物华休。 | 惟有长江水，无语东流。 | 不忍登高临远，望故乡渺邈，归思难收。 | 叹年来踪迹，何事苦淹留。 | 想佳人、妆楼顒望，误几回、天际识归舟。 | 争知我、倚阑干处，正恁凝愁。,ci.song.0.json
汴京,114.35,34.8,宋,1036,欧阳修,生查子,去年元夜时，花市灯如昼。 | 月到柳梢头，人约黄昏后。 | 今年元夜时，月与灯依旧。 | 不见去年人，泪满春衫袖。,ci.song.0.json
汴京,114.35,34.8,宋,1040,晏殊,浣溪沙,一曲新词酒一杯。 | 去年天气旧亭台。 | 夕阳西下几时回。 | 无可奈何花落去，似曾相识燕归来。 | 小园香径独徘徊。,ci.song.0.json
汴京,114.35,34.8,宋,1040,晏殊,清平乐,金风细细。 | 叶叶梧桐坠。 | 绿酒初尝人易醉。 | 一枕小窗浓睡。 | 紫微朱槿花残。 | 斜阳却照阑干。 | 双燕欲归时节，银屏昨夜微寒。,ci.song.0.json
汴京,114.35,34.8,宋,1040,晏殊,踏莎行,小径红稀，芳郊绿遍。 | 高台树色阴阴见。 | 春风不解禁杨花，濛濛乱扑行人面。 | 翠叶藏莺，朱帘隔燕。 | 炉香静逐游丝转。 | 一场愁梦酒醒时，斜阳却照深深院。,ci.song.0.json
汴京,114.35,34.8,宋,1040,晏殊,破阵子,燕子来时新社，梨花落后清明。 | 池上碧苔三四点，叶底黄鹂一两声。 | 日长飞絮轻。 | 巧笑东邻女伴，采桑径里逢迎。 | 疑怪昨宵春梦好，元是今朝斗草赢。 | 笑从双脸生。,ci.song.0.json
汴京,114.35,34.8,宋,1045,欧阳修,踏莎行,候馆梅残，溪桥柳细。 | 草熏风暖摇征辔。 | 离愁渐远渐无穷，迢迢不断如春水。 | 寸寸柔肠，盈盈粉泪。 | 楼高莫近危阑倚。 | 平芜尽处是春山，行人更在春山外。,ci.song.0.json
汴京,114.35,34.8,宋,1045,欧阳修,玉楼春,风迟日媚烟光好。 | 绿树依依芳意早。 | 年华容易即凋零，春色只宜长恨少。 | 池塘隐隐惊雷晓。 | 柳眼未开梅萼小。 | 尊前贪爱物华新，不道物新人渐老。,ci.song.0.json
汴京,114.35,34.8,宋,1045,欧阳修,玉楼春,西亭饮散清歌阕。 | 花外迟迟宫漏发。 | 涂金烛引紫骝嘶，柳曲西头归路别。 | 佳辰只恐幽期阔。 | 密赠殷勤衣上结。 | 翠屏魂梦莫相寻，禁断六街清夜月。,ci.song.0.json
汴京,114.35,34.8,宋,1045,欧阳修,玉楼春,春山敛黛低歌扇。 | 暂解吴钩登祖宴。 | 画楼钟动已魂销，何况马嘶芳草岸。 | 青门柳色随人远。 | 望欲断时肠已断。 | 洛城春色待君来，莫到落花飞似霰。,ci.song.0.json
汴京,114.35,34.8,宋,1045,欧阳修,玉楼春,尊前拟把归期说。 | 未语春容先惨咽。 | 人生自是有情痴，此恨不关风与月。 | 离歌且莫翻新阕。 | 一曲能教肠寸结。 | 直须看尽洛城花，始共春风容易别。,ci.song.0.json
汴京,114.35,34.8,宋,1045,欧阳修,玉楼春,洛阳正值芳菲节。 | 秾艳清香相间发。 | 游丝有意苦相萦，垂柳无端争赠别。 | 杏花红处青山缺。 | 山畔行人山下歇。 | 今宵谁肯远相随，惟有寂寥孤馆月。,ci.song.0.json
汴京,114.35,34.8,宋,1045,欧阳修,玉楼春,残春一夜狂风雨。 | 断送红飞花落树。 | 人心花意待留春，春色无情容易去。 | 高楼把酒愁独语。 | 借问春归何处所。 | 暮云空阔不知音，惟有绿杨芳草路。,ci.song.0.json
汴京,114.35,34.8,宋,1045,欧阳修,玉楼春,常忆洛阳风景媚。 | 烟暖风和添酒味。 | 莺啼宴席似留人，花出墙头如有意。 | 别来已隔千山翠。 | 望断危楼斜日坠。 | 关心只为牡丹红，一片春愁来梦里。,ci.song.0.json
汴京,114.35,34.8,宋,1045,欧阳修,玉楼春,池塘水绿春微暖。 | 记得玉真初见面。 | 从头歌韵响铮鏦，入破舞腰红乱旋。 | 玉钩帘下香阶畔。 | 醉后不知红日晚。 | 当时共我赏花人，点检如今无一半。,ci.song.0.json
汴京,114.35,34.8,宋,1045,欧阳修,玉楼春,两翁相遇逢佳节。 | 正值柳绵飞似雪。 | 便须豪饮敌青春，莫对新花羞白发。 | 人生聚散如弦筈。 | 老去风情尤惜别。 | 大家金盏倒垂莲，一任西楼低晓月。,ci.song.0.json
汴京,114.35,34.8,宋,1045,欧阳修,玉楼春,西湖南北烟波阔。 | 风里丝簧声韵咽。 | 舞馀裙带绿双垂，酒入香腮红一抹。 | 杯深不觉琉璃滑。 | 贪看六么花十八。 | 明朝车马各西东，惆怅画桥风与月。,ci.song.0.json
汴京,114.35,34.8,宋,1045,欧阳修,玉楼春,燕鸿过后春归去。 | 细算浮生千万绪。 | 来如春梦几多时，去似朝云无觅处。 | 闻琴解珮神仙侣。 | 挽断罗衣留不住。 | 劝君莫作独醒人，烂醉花间应有数。,ci.song.0.json
汴京,114.35,34.8,宋,1045,欧阳修,玉楼春,蝶飞芳草花飞路。 | 把酒已嗟春色暮。 | 当时枝上落残花，今日水流何处去。 | 楼前独绕鸣蝉树。 | 忆把芳条吹暖絮。 | 红莲绿芰亦芳菲，不奈金风兼玉露。,ci.song.0.json
汴京,114.35,34.8,宋,1045,欧阳修,玉楼春,别后不知君远近。 | 触目凄凉多少闷。 | 渐行渐远渐无书，水阔鱼沈何处问。 | 夜深风竹敲秋韵。 | 万叶千声皆是恨。 | 故欹单枕梦中寻，梦又不成灯又尽。,ci.song.0.json
汴京,114.35,34.8,宋,1045,欧阳修,玉楼春,红条约束琼肌稳。 | 拍碎香檀催急衮。 | 陇头呜咽水声繁，叶下间关莺语近。 | 美人才子传芳信。 | 明月清风伤别恨。 | 未知何处有知音，常为此情留此恨。,ci.song.0.json
汴京,114.35,34.8,宋,1045,欧阳修,玉楼春,檀槽碎响金丝拨。 | 露湿浔阳江上月。 | 不知商妇为谁愁，一曲行人留夜发。 | 画堂花月新声别。 | 红蕊调长弹未彻。 | 暗将深意祝胶弦，唯愿弦弦无断绝。,ci.song.0.json
汴京,114.35,34.8,宋,1045,欧阳修,玉楼春,春葱指甲轻拢拈。 | 五彩垂条双袖卷。 | 雪香浓透紫檀槽，胡语急随红玉腕。 | 当头一曲情何限。 | 入破铮鏦金凤战。 | 百分芳酒祝长春，再拜敛容抬粉面。,ci.song.0.json
汴京,114.35,34.8,宋,1045,欧阳修,玉楼春,金花盏面红烟透。 | 舞急香茵随步皱。 | 青春才子有新词，红粉佳人重劝酒。 | 也知自为伤春瘦。 | 归骑休交银烛候。 | 拟将沈醉为清欢，无奈醒来还感旧。,ci.song.0.json
汴京,114.35,34.8,宋,1045,欧阳修,玉楼春,雪云乍变春云簇。 | 渐觉年华堪送目。 | 北枝梅蕊犯寒开，南浦波纹如酒绿。 | 芳菲次第还相续。 | 不奈情多无处足。 | 尊前百计得春归，莫为伤春歌黛蹙。,ci.song.0.json
汴京,114.35,34.8,宋,1045,欧阳修,玉楼春,黄金弄色轻於粉。 | 濯濯春条如水嫩。 | 为缘力薄未禁风，不奈多娇长似困。 | 腰柔乍怯人相近。 | 眉小未知春有恨。 | 劝君著意惜芳菲，莫待行人攀折尽。,ci.song.0.json
汴京,114.35,34.8,宋,1045,欧阳修,玉楼春,珠帘半下香销印。 | 二月东风催柳信。 | 琵琶傍畔且寻思，鹦鹉前头休借问。 | 惊鸿过后生离恨。 | 红日长时添酒困。 | 未知心在阿谁边，满眼泪珠言不尽。,ci.song.0.json
汴京,114.35,34.8,宋,1045,欧阳修,玉楼春,沈沈庭院莺吟弄。 | 日暖烟和春气重。 | 绿杨娇眼为谁回，芳草深心空自动。 | 倚阑无语伤离凤。 | 一片风情无处用。 | 寻思还有旧家心，蝴蝶时时来役梦。,ci.song.0.json
汴京,114.35,34.8,宋,1045,欧阳修,玉楼春,去时梅萼初凝粉。 | 不觉小桃风力损。 | 梨花最晚又凋零，何事归期无定准。 | 阑干倚遍重来凭。 | 泪粉偷将红袖印。 | 蜘蛛喜鹊误人多，似此无凭安足信。,ci.song.0.json
汴京,114.35,34.8,宋,1045,欧阳修,玉楼春,酒美春浓花世界。 | 得意人人千万态。 | 莫教辜负艳阳天，过了堆金何处买。 | 已去少年无计奈。 | 且愿芳心长恁在。 | 闲愁一点上心来，算得东风吹不解。,ci.song.0.json
汴京,114.35,34.8,宋,1045,欧阳修,玉楼春,湖边柳外楼高处。 | 望断云山多少路。 | 阑干倚遍使人愁，又是天涯初日暮。 | 轻无管系狂无数。 | 水畔花飞风里絮。 | 算伊浑似薄情郎，去便不来来便去。,ci.song.0.json
汴京,114.35,34.8,宋,1045,欧阳修,玉楼春,南园粉蝶能无数。 | 度翠穿红来复去。 | 倡条冶叶恣留连，飘荡轻於花上絮。 | 朱阑夜夜风兼露。 | 宿粉栖香无定所。 | 多情翻却似无情，赢得百花无限妒。,ci.song.0.json
汴京,114.35,34.8,宋,1045,欧阳修,玉楼春,江南三月春光老。 | 月落禽啼天未晓。 | 露和啼血染花红，恨过千家烟树杪。 | 云垂玉枕屏山小。 | 梦欲成时惊觉了。 | 人心应不似伊心，若解思归归合早。,ci.song.0.json
汴京,114.35,34.8,宋,1045,欧阳修,玉楼春,东风本是开花信。 | 及至花时风更紧。 | 吹开吹谢苦匆匆，春意到头无处问。 | 把酒临风千万恨。 | 欲扫残红犹未忍。 | 夜来风雨转离披，满眼凄凉愁不尽。,ci.song.0.json
汴京,114.35,34.8,宋,1045,欧阳修,玉楼春,阴阴树色笼晴昼。 | 清淡园林春过后。 | 杏腮轻粉日催红，池面绿罗风卷皱。 | 佳人向晚新妆就。 | 圆腻歌喉珠欲溜。 | 当筵莫放酒杯迟，乐事良辰难入手。,ci.song.0.json
汴京,114.35,34.8,宋,1045,欧阳修,玉楼春,芙蓉斗晕燕支浅。 | 留著晚花开小宴。 | 画船红日晚风清，柳色溪光晴照暖。 | 美人争劝梨花盏。 | 舞困玉腰裙缕慢。 | 莫交银烛促归期，已祝斜阳休更晚。,ci.song.0.json
汴京,114.35,34.8,宋,1045,欧阳修,玉楼春,艳冶风情天与措。 | 清瘦肌肤冰雪妒。 | 百年心事一宵同，愁听鸡声窗外度。 | 信阻青禽云雨暮。 | 海月空惊人两处。 | 强将离恨倚江楼，江水不能流恨去。,ci.song.0.json
汴京,114.35,34.8,宋,1045,欧阳修,玉楼春,半辐霜绡亲手剪。 | 香染青蛾和泪卷。 | 画时横接媚霞长，印处双沾愁黛浅。 | 当时付我情何限。 | 欲使妆痕长在眼。 | 一回忆著一拈看，便似花前重见面。,ci.song.0.json
汴京,114.35,34.8,宋,1045,欧阳修,玉楼春,红楼昨夜相将饮。 | 月近珠帘花近枕。 | 银缸照客酒方酣，玉漏催人街已禁。 | 晚潮去棹浮清浸。 | 古岸平芜萧索甚。 | 大都薄宦足离愁，不放双鸳长恁恁。,ci.song.0.json
汴京,114.35,34.8,宋,1045,欧阳修,玉楼春,金雀双鬟年纪小。 | 学画蛾眉红淡扫。 | 尽人言语尽人怜，不解此情惟解笑。 | 稳着舞衣行动俏。 | 走向绮筵呈曲妙。 | 刘郎大有惜花心，只恨寻花来较早。,ci.song.0.json
汴京,114.35,34.8,宋,1045,欧阳修,玉楼春,夜来枕上争闲事。 | 推倒屏山褰绣被。 | 尽人求守不应人，走向碧纱窗下睡。 | 直到起来由自殢。 | 向道夜来真个醉。 | 大家恶发大家休，毕竟到头谁不是。,ci.song.0.json
汴京,114.35,34.8,宋,1059,王安石,明妃曲,我本漢家子，早入深宮裏。 | 遠嫁單于國，憔悴無復理。 | 穹廬爲室旃爲牆，胡塵暗天道路長。 | 去住彼此無消息，明明漢月空相識。 | 死生難有却回身，不忍回看舊寫真。 | 玉顔不是黄金少，愛把丹青錯畫人。 | 朝爲漢宮妃，暮作胡地妾。 | 獨留青塚向黄昏，顔色如花命如葉。,poet.song.33000.json
汴京,114.35,34.8,宋,1068,王安石,元日,爆竹聲中一歲除，東風送暖入屠蘇。 | 千門萬戶曈曈日，爭插新桃換舊符。,poet.song.32000.json
汴京,114.35,34.8,宋,1080,晏几道,临江仙,梦后楼台高锁，酒醒帘幕低垂。 | 去年春恨却来时。 | 落花人独立，微雨燕双飞。 | 记得小苹初见，两重心字罗衣。 | 琵琶弦上说相思。 | 当时明月在，曾照彩云归。,ci.song.1000.json
汴京,114.35,34.8,宋,1085,晏几道,临江仙,斗草阶前初见，穿针楼上曾逢。 | 罗裙香露玉钗风。 | 靓妆眉沁绿，羞脸粉生红。 | 流水便随春远，行云终与谁同。 | 酒醒长恨锦屏空。 | 相寻梦里路，飞雨落花中。,ci.song.1000.json
汴京,114.35,34.8,宋,1088,晏几道,鹧鸪天,醉拍春衫惜旧香。 | 天将离恨恼疏狂。 | 年年陌上生秋草，日日楼中到夕阳。 | 云渺渺，水茫茫。 | 征人归路许多长。 | 相思本是无凭语，莫向花笺费泪行。,ci.song.1000.json
汴京,114.35,34.8,宋,1090,周邦彦,少年游,朝云漠漠散轻丝。 | 楼阁淡春姿。 | 柳泣花啼，九街泥重，门外燕飞迟。 | 而今丽日明金屋，春色在桃枝。 | 不似当时，小桥冲雨，幽恨两人知。,ci.song.4000.json
汴京,114.35,34.8,宋,1099,李清照,如梦令,常记溪亭日暮。 | 沈醉不知归路。 | 兴尽晚回舟，误入藕花深处。 | 争渡。 | 争渡。 | 惊起一滩鸥鹭。,ci.song.6000.json
汴京,114.35,34.8,宋,1100,李清照,如梦令,昨夜雨疏风骤。 | 浓睡不消残酒。 | 试问卷帘人，却道海棠依旧。 | 知否。 | 知否。 | 应是绿肥红瘦。,ci.song.6000.json
汴京,114.35,34.8,宋,1100,李清照,浣溪沙,小院闲窗春色深。 | 重帘未卷影沈沈。 | 倚楼无语理瑶琴。 | 远岫出山催薄暮，细风吹雨弄轻阴。 | 梨花欲谢恐难禁。,ci.song.6000.json
汴京,114.35,34.8,宋,1103,李清照,醉花阴,薄雾浓云愁永昼。 | 瑞脑消金兽。 | 佳节又重阳，玉枕纱厨，半夜凉初透。 | 东篱把洒黄昏后，有暗香盈袖。 | 莫道不消魂，帘卷西风，人似黄花瘦。,ci.song.6000.json
汴京,114.35,34.8,宋,1108,李清照,凤凰台上忆吹箫,香冷金猊，被翻红浪，起来人未梳头。 | 任宝奁闲掩，日上帘钩。 | 生怕闲愁暗恨，多少事、欲说还休。 | 今年瘦，非干病酒，不是悲秋。 | 明朝，这回去也，千万遍阳关，也即难留。 | 念武陵春晚，云锁重楼。 | 记取楼前绿水，应念我、终日凝眸。 | 凝眸处，从今更数，几段新愁。,ci.song.6000.json
汴京,114.35,34.8,宋,1108,李清照,蝶恋花,泪湿罗衣脂粉满。 | 四叠阳关，唱到千千遍。 | 人道山长山又断。 | 萧萧微雨闻孤馆。 | 惜别伤离方寸乱。 | 忘了临行，酒盏深和浅。 | 好把音书凭过雁。 | 东来不似蓬莱远。,ci.song.6000.json
汴京,114.35,34.8,宋,1138,岳飞,小重山,昨夜寒蛩不住鸣。 | 惊回千里梦，已三更。 | 起来独自绕阶行。 | 人悄悄，帘外月胧明。 | 白首为功名。 | 旧山松竹老，阻归程。 | 欲将心事付瑶琴。 | 知音少，弦断有谁听。,ci.song.7000.json
泰山,117.13,36.25,唐,736,杜甫,望嶽,岱宗夫如何，齊魯青未了。 | 造化鍾神秀，陰陽割昏曉。 | 盪胷生曾雲，決眥入歸鳥。 | 會當凌絕頂，一覽衆山小。,poet.tang.10000.json
泰山,117.13,36.25,唐,736,杜甫,望嶽,南嶽配朱鳥，秩禮自百王。 | 歘吸領地靈，鴻洞半炎方。 | 邦家用祀典，在德非馨香。 | 巡守何寂寥，有虞今則亡。 | 洎吾隘世網，行邁越瀟湘。 | 渴日絕壁出，漾舟清光旁。 | 祝融五峰尊，峰峰次低昴。 | 紫蓋獨不朝，爭長嶫相望。 | 恭聞魏夫人，羣仙夾翱翔。 | 有時五峰氣，散風如飛霜。 | 牽迫限修途，未暇杖崇岡。 | 歸來覬命駕，沐浴休玉堂。 | 三歎問府主，曷以贊我皇。 | 牲璧忍衰俗，神其思降祥。,poet.tang.10000.json
泰山,117.13,36.25,唐,736,杜甫,望岳,西岳崚嶒竦處尊，諸峰羅立如兒孫。 | 安得仙人九節杖，拄到玉女洗頭盆。 | 車箱入谷無歸路，箭栝通天有一門。 | 稍待西風涼冷後，高尋白帝問真源。,poet.tang.11000.json
洛阳,112.45,34.62,唐,722,王維,歸嵩山作,清川帶長薄，車馬去閑閑。 | 流水如有意，暮禽相與還。 | 荒城臨古渡，落日滿秋山。 | 迢遞嵩高下，歸來且閉關。,poet.tang.6000.json
洛阳,112.45,34.62,唐,725,王維,洛陽女兒行,洛陽女兒對門居，纔可容顏十五餘。 | 良人玉勒乘驄馬，侍女金盤鱠鯉魚。 | 畫閣朱樓盡相望，紅桃綠柳垂簷向。 | 羅幃送上七香車，寶扇迎歸九華帳。 | 狂夫富貴在青春，意氣驕奢劇季倫。 | 自憐碧玉親教舞，不惜珊瑚持與人。 | 春窗曙滅九微火，九微片片飛花璅。 | 戲罷曾無理曲時，妝成秪是薰香坐。 | 城中相識盡繁華，日夜經過趙李家。 | 誰憐越女顏如玉，貧賤江頭自浣紗。,poet.tang.5000.json
洛阳,112.45,34.62,唐,734,李白,春夜洛城聞笛,誰家玉笛暗飛聲，散入春風滿洛城。 | 此夜曲中聞折柳，何人不起故園情。,poet.tang.8000.json
洛阳,112.45,34.62,唐,800,孟郊,雜曲歌辭 遊子吟,慈母手中線，遊子身上衣。 | 臨行密密縫，意恐遲遲歸。 | 誰言寸草心，報得三春暉。,poet.tang.1000.json
洛阳,112.45,34.62,唐,800,孟郊,遊子吟,慈母手中線，遊子身上衣。 | 臨行密密縫，意恐遲遲歸。 | 誰言寸草心，報得三春暉。,poet.tang.19000.json
洛阳,112.45,34.62,唐,801,韓愈,山石,山石犖確行徑微，黃昏到寺蝙蝠飛。 | 升堂坐階新雨足，芭蕉葉大支子肥。 | 僧言古壁佛畫好，以火來照所見稀。 | 鋪牀拂席置羹飯，疎糲亦足飽我飢。 | 夜深靜臥百蟲絕，清月出嶺光入扉。 | 天明獨去無道路，出入高下窮煙霏。 | 山紅澗碧紛爛漫，時見松櫪皆十圍。 | 當流赤足蹋澗石，水聲激激風吹衣。 | 人生如此自可樂，豈必局束爲人鞿。 | 嗟哉吾黨二三子，安得至老不更歸。,poet.tang.17000.json
洛阳,112.45,34.62,唐,808,張籍,秋思,洛陽城裏見秋風，欲作歸書意萬重。 | 忽恐匆匆說不盡，行人臨發又開封。,poet.tang.20000.json
洛阳,112.45,34.62,唐,812,韓愈,石鼓歌,張生手持石鼓文，勸我試作石鼓歌。 | 少陵無人謫仙死，才薄將奈石鼓何。 | 周綱陵遲四海沸，宣王憤起揮天戈。 | 大開明堂受朝賀，諸侯劒佩鳴相磨。 | 蒐于岐陽騁雄俊，萬里禽獸皆遮羅。 | 鐫功勒成告萬世，鑿石作鼓隳嵯峨。 | 從臣才藝咸第一，揀選撰刻留山阿。 | 雨淋日炙野火燎，鬼物守護煩撝呵。 | 公從何處得紙本，毫髮盡備無差訛。 | 辭嚴義密讀難曉，字體不類隸與科。 | 年深豈免有缺畫，快劒斫斷生蛟鼉。 | 鸞翔鳳翥衆僊下，珊瑚碧樹交枝柯。 | 金繩鐵索鎖紐壯，古鼎躍水龍騰梭。 | 陋儒編詩不收入，二雅褊迫無委蛇。 | 孔子西行不到秦，掎摭星宿遺羲娥。 | 嗟予好古生苦晚，對此涕淚雙滂沱。 | 憶昔初蒙博士徴，其年始改稱元和。 | 故人從軍在右輔，爲我度量掘臼科。 | 濯冠沐浴告祭酒，如此至寶存豈多。 | 氊包席裹可立致，十鼓祗載數駱駝。 | 薦諸太廟比郜鼎，光價豈止百倍過。 | 聖恩若許留太學，諸生講解得切磋。 | 觀經鴻都尚填咽，坐見舉國來奔波。 | 剜苔剔蘚露節角，安置妥帖平不頗。 | 大廈深簷與蓋覆，經歷久遠期無佗。 | 中朝大官老於事，詎肯感激徒媕婀。 | 牧童敲火牛礪角，誰復著手爲摩挲。 | 日銷月鑠就埋沒，六年西顧空吟哦。 | 羲之俗書趁姿媚，數紙尚可博白鵝。 | 繼周八代爭戰罷，無人收拾理則那。 | 方今太平日無事，柄任儒術崇丘軻。 | 安能以此上論列，願借辨口如懸河。 | 石鼓之歌止於此，嗚呼吾意其蹉跎。,poet.tang.18000.json
洛阳,112.45,34.62,唐,813,韓愈,晚春,誰收春色將歸去，慢綠妖紅半不存。 | 榆莢祗能隨柳絮，等閑撩亂走空園。,poet.tang.18000.json
浔阳,115.97,29.71,唐,816,白居易,夜雪,已訝衾枕冷，復見窗戶明。 | 夜深知雪重，時聞折竹聲。,poet.tang.22000.json
浔阳,115.97,29.71,唐,817,白居易,問劉十九,綠螘新醅酒，紅泥小火壚。 | 晚來天欲雪，能飲一杯無。,poet.tang.22000.json
浔阳,115.97,29.71,唐,822,白居易,暮江吟,一道殘陽鋪水中，半江瑟瑟半江紅。 | 可憐九月初三夜，露似真珠月似弓。,poet.tang.23000.json
渭城,108.72,34.33,唐,728,王維,觀獵,風勁角弓鳴，將軍獵渭城。 | 草枯鷹眼疾，雪盡馬蹄輕。 | 忽過新豐市，還歸細柳營。 | 迴看射鵰處，千里暮雲平。,poet.tang.6000.json
滁州,118.32,32.3,宋,1036,歐陽修,戲答元珍,春風疑不到天涯，二月山城未見花。 | 殘雪壓枝猶有橘，凍雷驚筍欲抽芽。 | 夜聞歸鴈生鄉思，病入新年感物華。 | 曾是洛陽花下客，野芳雖晚不須嗟。,poet.song.17000.json
滁州,118.32,32.3,宋,1046,歐陽修,畫眉鳥,百囀千聲隨意移，山花紅紫樹高低。 | 始知鎖向金籠聽，不及林間自在啼。,poet.song.17000.json
潭州,112.97,28.23,唐,770,杜甫,江南逢李龜年,歧王宅裏尋常見，崔九堂前幾度聞。 | 正是江南好風景，落花時節又逢君。,poet.tang.11000.json
潭州,112.97,28.23,唐,805,韓愈,八月十五夜贈張功曹,纖雲四卷天無河，清風吹空月舒波。 | 沙平水息聲影絕，一桮相屬君當歌。 | 君歌聲酸辭且苦，不能聽終淚如雨。 | 洞庭連天九疑高，蛟龍出沒猩鼯號。 | 十生九死到官所，幽居默默如藏逃。 | 下牀畏蛇食畏藥，海氣濕蟄熏腥臊。 | 昨者州前搥大鼓，嗣皇繼聖登夔臯。 | 赦書一日行萬里，罪從大辟皆除死。 | 遷者追廻流者還，滌瑕蕩垢清朝班。 | 州家申名使家抑，坎軻祗得移荆蠻。 | 判司卑官不堪說，未免捶楚塵埃間。 | 同時輩流多上道，天路幽險難追攀。 | 君歌且休聽我歌，我歌今與君殊科。,poet.tang.17000.json
潭州,112.97,28.23,唐,805,韓愈,謁衡嶽廟遂宿嶽寺題門樓,五嶽祭秩皆三公，四方環鎮嵩當中。 | 火維地荒足妖怪，天假神柄專其雄。 | 噴雲泄霧藏半腹，雖有絕頂誰能窮。 | 我來正逢秋雨節，陰氣晦昧無清風。 | 潛心默禱若有應，豈非正直能感通。 | 須臾靜掃衆峰出，仰見突兀撐青空。 | 紫蓋連延接天柱，石廩騰擲堆祝融。 | 森然魄動下馬拜，松柏一逕趨靈宮。 | 粉牆丹柱動光彩，鬼物圖畫填青紅。 | 升階傴僂薦脯酒，欲以菲薄明其衷。 | 廟令老人識神意，睢盱偵伺能鞠躬。 | 手持桮珓導我擲，云此最吉餘難同。 | 竄逐蠻荒幸不死，衣食纔足甘長終。 | 侯王將相望久絕，神縱欲福難爲功。 | 夜投佛寺上高閣，星月掩暎雲朣朧。 | 猿鳴鐘動不知曙，杲杲寒日生於東。,poet.tang.17000.json
潼关,110.25,34.52,唐,759,杜甫,潼關吏,士卒何草草，築城潼關道。 | 大城鐵不如，小城萬丈餘。 | 借問潼關吏，修關還備胡。 | 要我下馬行，爲我指山隅。 | 連雲列戰格，飛鳥不能踰。 | 胡來但自守，豈復憂西都。 | 丈人視要處，窄狹容單車。 | 艱難奮長戟，萬古用一夫。 | 哀哉桃林戰，百萬化爲魚。 | 請囑防關將，慎勿學哥舒。,poet.tang.10000.json
玉门关,93.86,40.35,唐,724,王昌齡,橫吹曲辭 出塞 一,秦時明月漢時關，萬里長征人未還。 | 但使龍城飛將在，不教胡馬度陰山。,poet.tang.0.json
玉门关,93.86,40.35,唐,724,王昌齡,橫吹曲辭 出塞 二,白花垣上望京師，黃河水流無盡時。 | 窮秋曠野行人絕，馬首東來知是誰。,poet.tang.0.json
玉门关,93.86,40.35,唐,724,王昌齡,出塞二首 一,秦時明月漢時關，萬里長征人未還。 | 但使龍城飛將在，不教胡馬度陰山。,poet.tang.6000.json
玉门关,93.86,40.35,唐,724,王昌齡,出塞二首 二,騮馬新跨白玉鞍，戰罷沙場月色寒。 | 城頭鐵鼓聲猶振，匣裏金刀血未乾。,poet.tang.6000.json
玉门关,93.86,40.35,唐,749,岑參,逢入京使,故園東望路漫漫，雙袖龍鍾淚不乾。 | 馬上相逢無紙筆，憑君傳語報平安。,poet.tang.9000.json
玉门关,93.86,40.35,唐,750,李頎,古從軍行,白日登山望烽火，黃昏飲馬傍交河。 | 行人刁斗風沙暗，公主琵琶幽怨多。 | 野雲萬里無城郭，雨雪紛紛連大漠。 | 胡鴈哀鳴夜夜飛，胡兒眼淚雙雙落。 | 聞道玉門猶被遮，應將性命逐輕車。 | 年年戰骨埋荒外，空見蒲桃入漢家。,poet.tang.6000.json
玉门关,93.86,40.35,唐,754,岑參,輪臺歌奉送封大夫出師西征,輪臺城頭夜吹角，輪臺城北旄頭落。 | 羽書昨夜過渠黎，單于已在金山西。 | 戍樓西望煙塵黑，漢兵屯在輪臺北。 | 上將擁旄西出征，平明吹笛大軍行。 | 四邊伐鼓雪海湧，三軍大呼陰山動。 | 虜塞兵氣連雲屯，戰場白骨纏草根。 | 劒河風急雪片闊，沙口石凍馬蹄脫。 | 亞相勤王甘苦辛，誓將報主靜邊塵。 | 古來青史誰不見，今見功名勝古人。,poet.tang.9000.json
玉门关,93.86,40.35,唐,754,岑參,走馬川行奉送出師西征,君不見走馬川行雪海邊，平沙莽莽黃入天。 | 輪臺九月風夜吼，一川碎石大如斗，隨風滿地石亂走。 | 匈奴草黃馬正肥，金山西見煙塵飛。 | 漢家大將西出師，將軍金甲夜不脫。 | 半夜軍行戈相撥，風頭如刀面如割。 | 馬毛帶雪汗氣蒸，五花連錢旋作冰。 | 幕中草檄硯水凝，虜騎聞之應膽懾。 | 料知短兵不敢接，車師西門佇獻捷。,poet.tang.9000.json
白帝城,109.56,31.04,唐,759,李白,早發白帝城,朝辭白帝彩雲間，千里江陵一日還。 | 兩岸猨聲啼不盡，輕舟已過萬重山。,poet.tang.8000.json
白帝城,109.56,31.04,唐,765,杜甫,旅夜書懷,細草微風岸，危檣獨夜舟。 | 星垂平野闊，月湧大江流。 | 名豈文章著，官因老病休。 | 飄飄何所似，天地一沙鷗。,poet.tang.11000.json
白帝城,109.56,31.04,唐,766,杜甫,古柏行,孔明廟前有老柏，柯如青銅根如石。 | 霜皮溜雨四十圍，黛色參天二千尺。 | 君臣已與時際會，樹木猶爲人愛惜。 | 雲來氣接巫峽長，月出寒通雪山白。 | 憶昨路繞錦亭東，先主武侯同閟宮。 | 崔嵬枝幹郊原古，窈窕丹青戶牖空。 | 落落盤踞雖得地，冥冥孤高多烈風。 | 扶持自是神明力，正直原因造化功。 | 大廈如傾要梁棟，萬牛回首丘山重。 | 不露文章世已驚，未辭剪伐誰能送。 | 苦心豈免容螻蟻，香葉終經宿鸞鳳。 | 志士幽人莫怨嗟，古來材大難爲用。,poet.tang.10000.json
白帝城,109.56,31.04,唐,766,杜甫,閣夜,歲暮陰陽催短景，天涯霜雪霽寒宵。 | 五更鼓角聲悲壯，三峽星河影動搖。 | 野哭幾家聞戰伐，夷歌數處起漁樵。 | 臥龍躍馬終黃土，人事依依漫寂寥。,poet.tang.11000.json
白帝城,109.56,31.04,唐,766,杜甫,八陣圖,功蓋三分國，名高八陣圖。 | 江流石不轉，遺恨失吞吳。,poet.tang.11000.json
白帝城,109.56,31.04,唐,766,杜甫,秋興八首 一,玉露凋傷楓樹林，巫山巫峽氣蕭森。 | 江間波浪兼天湧，塞上風雲接地陰。 | 叢菊兩開他日淚，孤舟一繫故園心。 | 寒衣處處催刀尺，白帝城高急暮砧。,poet.tang.11000.json
白帝城,109.56,31.04,唐,766,杜甫,秋興八首 二,夔府孤城落日斜，每依南斗望京華。 | 聽猨實下三聲淚，奉使虛隨八月查。 | 畫省香爐違伏枕，山樓粉堞隱悲笳。 | 請看石上藤蘿月，已暎洲前蘆荻花。,poet.tang.11000.json
白帝城,109.56,31.04,唐,766,杜甫,秋興八首 三,千家山郭靜朝暉，一日江樓坐翠微。 | 信宿漁人還汎汎，清秋燕子故飛飛。 | 匡衡抗疏功名薄，劉向傳經心事違。 | 同學少年多不賤，五陵衣馬自輕肥。,poet.tang.11000.json
白帝城,109.56,31.04,唐,766,杜甫,秋興八首 四,聞道長安似弈棊，百年世事不勝悲。 | 王侯第宅皆新主，文武衣冠異昔時。 | 直北關山金鼓振，征西車馬羽書遲。 | 魚龍寂寞秋江冷，故國平居有所思。,poet.tang.11000.json
白帝城,109.56,31.04,唐,766,杜甫,秋興八首 五,蓬萊宮闕對南山，承露金莖霄漢間。 | 西望瑤池降王母，東來紫氣滿函關。 | 雲移雉尾開宮扇，日繞龍鱗識聖顏。 | 一臥滄江驚歲晚，幾迴青瑣照朝班。,poet.tang.11000.json
白帝城,109.56,31.04,唐,766,杜甫,秋興八首 六,瞿唐峽口曲江頭，萬里風煙接素秋。 | 花萼夾城通御氣，芙蓉小苑入邊愁。 | 朱簾繡柱圍黃鶴，錦纜牙檣起白鷗。 | 迴首可憐歌舞地，秦中自古帝王州。,poet.tang.11000.json
白帝城,109.56,31.04,唐,766,杜甫,秋興八首 七,昆明池水漢時功，武帝旌旗在眼中。 | 織女機絲虛月夜，石鯨鱗甲動秋風。 | 波漂菰米沈雲黑，露冷蓮房墜粉紅。 | 關塞極天唯鳥道，江湖滿地一漁翁。,poet.tang.11000.json
白帝城,109.56,31.04,唐,766,杜甫,秋興八首 八,昆吾御宿自逶迤，紫閣峰陰入渼陂。 | 香稻啄餘鸚鵡粒，碧梧棲老鳳皇枝。 | 佳人拾翠春相問，仙侶同舟晚更移。 | 綵筆昔遊干氣象，白頭吟望苦低垂。,poet.tang.11000.json
白帝城,109.56,31.04,唐,766,杜甫,詠懷古跡五首 一,支離東北風塵際，漂泊西南天地間。 | 三峽樓臺淹日月，五溪衣服共雲山。 | 羯胡事主終無賴，詞客衰時且未還。 | 庾信平生最蕭瑟，暮年詩賦動江關。,poet.tang.11000.json
白帝城,109.56,31.04,唐,766,杜甫,詠懷古跡五首 二,搖落深知宋玉悲，風流儒雅亦吾師。 | 悵望千秋一灑淚，蕭條異代不同時。 | 江山故宅空文藻，雲雨荒臺豈夢思。 | 最是楚宮俱泯滅，舟人指點到今疑。,poet.tang.11000.json
白帝城,109.56,31.04,唐,766,杜甫,詠懷古跡五首 三,羣山萬壑赴荆門，生長明妃尚有村。 | 一去紫臺連朔漠，獨留青塚向黃昏。 | 畫圖省識春風面，環佩空歸月夜魂。 | 千載琵琶作胡語，分明怨恨曲中論。,poet.tang.11000.json
白帝城,109.56,31.04,唐,766,杜甫,詠懷古跡五首 四,蜀主窺吳幸三峽，崩年亦在永安宮。 | 翠華想像空山裏，玉殿虛無野寺中。 | 古廟杉松巢水鶴，歲時伏臘走村翁。 | 武侯祠屋常鄰近，一體君臣祭祀同。,poet.tang.11000.json
白帝城,109.56,31.04,唐,766,杜甫,詠懷古跡五首 五,諸葛大名垂宇宙，宗臣遺像肅清高。 | 三分割據紆籌策，萬古雲霄一羽毛。 | 伯仲之間見伊呂，指揮若定失蕭曹。 | 福移漢祚難恢復，志決身殲軍務勞。,poet.tang.11000.json
白帝城,109.56,31.04,唐,767,杜甫,登高,風急天高猨嘯哀，渚清沙白鳥飛迴。 | 無邊落木蕭蕭下，不盡長江衮衮來。 | 萬里悲秋常作客，百年多病獨登臺。 | 艱難苦恨繁霜鬢，潦倒新停濁酒桮。,poet.tang.11000.json
福州,119.3,26.08,宋,1080,陳軒,福州,城裏三山占越都，相望樓閣跨蓬壺。 | 有時細雨輕煙罩，便是天然水墨圖。,poet.song.40000.json
秦州,105.72,34.58,唐,759,杜甫,佳人,絕代有佳人，幽居在空谷。 | 自云良家子，零落依草木。 | 關中昔喪敗，兄弟遭殺戮。 | 官高何足論，不得收骨肉。 | 世情惡衰歇，萬事隨轉燭。 | 夫壻輕薄兒，新人已如玉。 | 合昏尚知時，鴛鴦不獨宿。 | 但見新人笑，那聞舊人哭。 | 在山泉水清，出山泉水濁。 | 侍婢賣珠回，牽蘿補茅屋。 | 摘花不插髮，采柏動盈匊。 | 天寒翠袖薄，日暮倚修竹。,poet.tang.10000.json
秦州,105.72,34.58,唐,759,杜甫,夢李白二首 一,死別已吞聲，生別常惻惻。 | 江南瘴癘地，逐客無消息。 | 故人入我夢，明我長相憶。 | 恐非平生魂，路遠不可測。 | 魂來楓葉青，魂返關塞黑。 | 君今在羅網，何以有羽翼。 | 落月滿屋梁，猶疑照顏色。 | 水深波浪闊，無使蛟龍得。,poet.tang.10000.json
秦州,105.72,34.58,唐,759,杜甫,夢李白二首 二,浮雲終日行，遊子久不至。 | 三夜頻夢君，情親見君意。 | 告歸常局促，苦道來不易。 | 江湖多風波，舟楫恐失墜。 | 出門搔白首，若負平生志。 | 冠蓋滿京華，斯人獨顦顇。 | 孰云網恢恢，將老身反累。 | 千秋萬歲名，寂莫身後事。,poet.tang.10000.json
秦州,105.72,34.58,唐,759,杜甫,月夜憶舍弟,戍鼓斷人行，秋邊一雁聲。 | 露從今夜白，月是故鄉明。 | 有弟皆分散，無家問死生。 | 寄書長不避，況乃未休兵。,poet.tang.11000.json
秦州,105.72,34.58,唐,759,杜甫,天末憶李白,涼風起天末，君子意如何。 | 鴻雁幾時到，江湖秋水多。 | 文章憎命達，魑魅喜人過。 | 應共冤魂語，投詩贈汩羅。,poet.tang.11000.json
终南山,108.95,33.95,唐,730,李白,下終南山過斛斯山人宿置酒,暮從碧山下，山月隨人歸。 | 却顧所來徑，蒼蒼橫翠微。 | 相攜及田家，童稚開荆扉。 | 綠竹入幽徑，青蘿拂行衣。 | 歡言得所憩，美酒聊共揮。 | 長歌吟松風，曲盡河星稀。 | 我醉君復樂，陶然共忘機。,poet.tang.8000.json
终南山,108.95,33.95,唐,741,王維,終南山,太乙近天都，連山接海隅。 | 白雲迴望合，青靄入看無。 | 分野中峰變，陰晴衆壑殊。 | 欲投人處宿，隔水問樵夫。,poet.tang.6000.json
终南山,108.95,33.95,唐,748,王維,輞川集 鹿柴,空山不見人，但聞人語響。 | 返景入深林，復照青苔上。,poet.tang.6000.json
终南山,108.95,33.95,唐,748,王維,輞川集 竹里館,獨坐幽篁裏，彈琴復長嘯。 | 深林人不知，明月來相照。,poet.tang.6000.json
终南山,108.95,33.95,唐,758,王維,終南別業,中歲頗好道，晚家南山陲。 | 興來每獨往，勝事空自知。 | 行到水窮處，坐看雲起時。 | 偶然值林叟，談笑無還期。,poet.tang.6000.json
苏州,120.62,31.3,唐,726,李白,蘇臺覽古,舊苑荒臺楊柳新，菱歌清唱不勝春。 | 只今惟有西江月，曾照吳王宮裏人。,poet.tang.8000.json
苏州,120.62,31.3,唐,740,常建,題破山寺後禪院,清晨入古寺，初日照高林。 | 竹逕通幽處，禪房花木深。 | 山光悅鳥性，潭影空人心。 | 萬籟此都寂，但餘鐘磬音。,poet.tang.6000.json
苏州,120.62,31.3,唐,756,張繼,楓橋夜泊,月落烏啼霜滿天，江楓漁父對愁眠。 | 姑蘇城外寒山寺，夜半鐘聲到客船。,poet.tang.12000.json
苏州,120.62,31.3,唐,838,白居易,雜曲歌辭 憶江南 一,江南好，風景舊曾諳。,poet.tang.2000.json
苏州,120.62,31.3,唐,838,白居易,雜曲歌辭 憶江南 二,江南憶，最憶是杭州。,poet.tang.2000.json
苏州,120.62,31.3,唐,838,白居易,雜曲歌辭 憶江南 三,江南憶，其次憶吳宮。 | 吳酒一杯春竹葉，吳娃雙舞醉芙蓉，早晚復相逢。,poet.tang.2000.json
苏州,120.62,31.3,唐,838,白居易,憶江南 一,江南好，風景舊曾諳。 | 日出江花紅勝火，春來江水綠如藍，能不憶江南。,poet.tang.49000.json
苏州,120.62,31.3,唐,838,白居易,憶江南 二,江南憶，最憶是杭州。 | 山寺月中尋桂子，郡亭枕上看潮頭，何日更重遊。,poet.tang.49000.json
苏州,120.62,31.3,唐,838,白居易,憶江南 三,江南憶，其次憶吳宮。 | 吳酒一杯春竹葉，吳娃雙舞醉芙蓉，早晚得相逢。,poet.tang.49000.json
苏州,120.62,31.3,宋,1170,范成大,橫塘,南浦春來綠一川，石橋朱塔兩依然。 | 年年送客橫塘路，細雨垂楊繫畫船。,poet.song.136000.json
荆州,112.24,30.33,唐,725,李白,荆州歌,白帝城邊足風波，瞿塘五月誰敢過。 | 荆州麥熟繭成蛾，繅絲憶君頭緒多，撥穀飛鳴奈妾何。,poet.tang.8000.json
荆门,112.2,31.04,唐,725,李白,渡荆門送別,渡遠荆門外，來從楚國遊。 | 山隨平野盡，江入大荒流。 | 月下飛天鏡，雲生結海樓。 | 仍連故鄉水，萬里送行舟。,poet.tang.8000.json
蓝关,109.32,34.15,唐,815,白居易,藍橋驛見元九詩,藍橋春雪君歸日，秦嶺秋風我去時。 | 每到驛亭先下馬，循牆繞柱覓君詩。,poet.tang.22000.json
襄阳,112.14,32.04,唐,725,孟浩然,過故人莊,故人具雞黍，邀我至田家。 | 綠樹村邊合，青山郭外斜。 | 開筵面場圃，把酒話桑麻。 | 待到重陽日，還來就菊花。,poet.tang.7000.json
襄阳,112.14,32.04,唐,725,孟浩然,春曉,春眠不覺曉，處處聞啼鳥。 | 夜來風雨聲，花落知多少。,poet.tang.7000.json
襄阳,112.14,32.04,唐,727,孟浩然,秋登蘭山寄張五,北山白雲裏，隱者自怡悅。 | 相望試登高，心飛逐鳥滅。 | 愁因薄暮起，興是清秋發。 | 時見歸村人，沙行渡頭歇。 | 天邊樹若薺，江畔舟如月。 | 何當載酒來，共醉重陽節。,poet.tang.7000.json
襄阳,112.14,32.04,唐,728,孟浩然,歲暮歸南山,北闕休上書，南山歸敝廬。 | 不才明主棄，多病故人疎。 | 白髮催年老，青陽逼歲除。 | 永懷愁不寐，松月夜窗虛。,poet.tang.7000.json
襄阳,112.14,32.04,唐,730,李白,贈孟浩然,吾愛孟夫子，風流天下聞。 | 紅顏棄軒冕，白首臥松雲。 | 醉月頻中聖，迷花不事君。 | 高山安可仰，徒此揖清芬。,poet.tang.8000.json
襄阳,112.14,32.04,唐,740,王維,漢江臨汎,楚塞三湘接，荆門九派通。 | 江流天地外，山色有無中。 | 郡邑浮前浦，波瀾動遠空。 | 襄陽好風日，留醉與山翁。,poet.tang.6000.json
许昌,113.85,34.03,唐,806,白居易,觀刈麥,田家少閑月，五月人倍忙。 | 夜來南風起，小麥覆隴黃。 | 婦姑荷簞食，童穉攜壺漿。 | 相隨餉田去，丁壯在南岡。 | 足蒸暑土氣，背灼炎天光。 | 力盡不知熱，但惜夏日長。 | 復有貧婦人，抱子在其傍。 | 右手秉遺穗，左臂懸敝筐。 | 聽其相顧言，聞者爲悲傷。 | 家田輸稅盡，拾此充飢腸。 | 今我何功德，曾不事農桑。 | 吏祿三百石，歲晏有餘糧。 | 念此私自媿盡日不能忘。,poet.tang.21000.json
赣州,114.93,25.83,宋,1279,文天祥,過零丁洋,辛苦遭逢起一經，干戈落落四周星。 | 山河破碎風拋絮，身世飄摇雨打萍。 | 皇恐灘頭說皇恐，零丁洋裏歎零丁。 | 人生自古誰無死，留取丹心照汗青。,poet.song.239000.json
赣州,114.93,25.83,宋,1281,文天祥,正氣歌,天地有正氣，雜然賦流形。 | 下則爲河嶽，上則爲日星。 | 於人曰浩然，沛乎塞蒼冥。 | 皇路當清夷，含和吐明庭。 | 時窮節乃見，一一垂丹青。 | 在齊太史簡，在晉董狐筆。 | 在秦張良椎，在漢蘇武節。 | 爲嚴將軍頭，爲嵇侍中血。 | 爲張睢陽齒，爲顔常山舌。 | 或爲遼東帽，清操厲冰雪。 | 或爲出師表，鬼神泣壯烈。 | 或爲渡江楫，慷慨吞胡羯。 | 或爲擊賊笏，逆豎頭破裂。 | 是氣所旁薄，凜烈萬古存。 | 當其貫日月，生死安足論。 | 地維頼以立，天柱頼以尊。 | 三綱實係命，道義爲之根。 | 嗟予遘陽九，隸也實不力。 | 楚囚纓其冠，傳車送窮北。 | 鼎鑊甘如飴，求之不可得。 | 陰房閴鬼火，春院閟天黑。 | 牛驥同一皂，鷄棲鳳凰食。 | 一朝濛霧露，分作溝中瘠。 | 如此再寒暑，百沴自辟易。 | 嗟哉沮洳場，爲我安樂國。 | 豈有他繆巧，陰陽不能賊。 | 顧此耿耿在，仰視浮雲白。 | 悠悠我心悲，蒼天曷有極。 | 哲人日已遠，典刑在夙昔。 | 風簷展書讀，古道照顔色。,poet.song.239000.json
越州,120.58,30.0,唐,726,李白,越中覽古,越王句踐破吳歸，義士還鄉盡錦衣。 | 宮女如花滿春殿，只今惟有鷓鴣飛。,poet.tang.8000.json
越州,120.58,30.0,唐,744,賀知章,回鄉偶書二首 一,少小離家老大回，鄉音難改鬢毛衰。 | 兒童相見不相識，笑問客從何處來。,poet.tang.5000.json
越州,120.58,30.0,唐,744,賀知章,回鄉偶書二首 二,離別家鄉歲月多，近來人事半銷磨。 | 唯有門前鏡湖水，春風不改舊時波。,poet.tang.5000.json
越州,120.58,30.0,宋,1167,陸游,遊山西村,莫笑農家臘酒渾，豐年留客足雞豚。 | 山重水複疑無路，柳暗花明又一村。 | 簫鼓追隨春社近，衣冠簡朴古風存。 | 從今若許閑乘月，拄杖無時夜叩門。,poet.song.127000.json
越州,120.58,30.0,宋,1170,陸游,長歌行,人生不作安期生，醉入東海騎長鯨。 | 猶當出作李西平，手杖旄鉞清舊京。 | 金印煌煌未入手，白髮種種來無情。 | 成都古寺臥秋晚，落日偏傍僧窗明。 | 豈其馬上破賊手，哦詩長作寒螿鳴。 | 興來買盡市橋酒，大車磊落堆長缾。 | 哀絲豪竹助劇飲，如鉅野受黄河傾。 | 平時一滴不入口，意氣頓使千人驚。 | 國讎未報壯士老，匣中寶劍夜有聲。 | 何當凱還宴將士，三更雪壓飛狐城。,poet.song.128000.json
越州,120.58,30.0,宋,1170,陸游,長歌行,人生宦遊亦不惡，無奈從来宦情薄。 | 既不能短衣射虎在南山，又不能鬬雞走馬宴平樂。 | 惟有釣舩差易具，問君胡爲不歸去。 | 片雲雨暗玉笥峰，斜日人爭石旗渡。 | 渡頭酒壚堪醉眠，白酒醇釅鱸魚鮮。 | 菰米如珠炊正熟，蓴羮似酪不論錢。 | 翁唱菱歌兒舞櫂，醉耳那知朝市閙。 | 城門幾度送迎官，睡擁亂蓑呼未覺。,poet.song.128000.json
越州,120.58,30.0,宋,1170,陸游,長歌行,燕燕尾涎涎，横穿乞巧樓。 | 低入吹笙院，鴨鴨觜唼唼。 | 朝浮杜若洲，暮宿蘆花夾。 | 嗟爾自適天，地間將儔命。 | 侶意甚閑我，今獨何爲一。 | 笑乃爾慳世，上悲歡亦偶。 | 然何時爛醉，錦江邊人歸。 | 華表三千歲，春入箜篌十四弦。,poet.song.129000.json
越州,120.58,30.0,宋,1170,陸游,長歌行,不羨騎鶴上青天，不羨峨冠明主前。 | 但願少賒死，得見平胡年。 | 一朝胡運衰，送死桑乾川。 | 胡星澹無光，龍庭爲飛烟。 | 西琛過葱嶺，東戍逾朝鮮。 | 巍巍天王都，九鼎奠澗瀍。 | 萬國朝未央，玉帛來聯翩。 | 黄頭汝小醜，汙我王會篇。 | 盡誅非無名，不足煩戈鋋。 | 還汝以舊職，牧羊遼海邊。,poet.song.131000.json
越州,120.58,30.0,宋,1170,陸游,長歌行,我無四目與兩口，但在人間更事久。 | 死生元是開闔眼，禍福正如翻覆手。 | 消磨日月幾緉屐，陶鑄唐虞一杯酒。 | 既非狗馬要蓋帷，那計風霜悴蒲柳。 | 竈突無烟今又慣，龜蟬與我成三友。 | 判知青史無功名，只用忍饑垂不朽。,poet.song.132000.json
越州,120.58,30.0,宋,1175,陆游,卜算子,驿外断桥边，寂寞开无主。 | 已是黄昏独自愁，更著风和雨。 | 无意苦争春，一任群芳妒。 | 零落成泥碾作尘，只有香如故。,ci.song.9000.json
越州,120.58,30.0,宋,1177,陸游,關山月,和戎詔下十五年，將軍不戰空臨邉。 | 朱門沉沉按歌舞，廐馬肥死弓斷弦。 | 戍楼刁斗催落月，三十從軍今白髮。 | 笛裏誰知壯士心，沙頭空照征人骨。 | 中原干戈古亦聞，豈有逆冦傳子孫。 | 遺民忍死望恢復，幾處今宵垂泪痕。,poet.song.128000.json
越州,120.58,30.0,宋,1178,陸游,金錯刀行,黄金錯刀白玉裝，夜穿窗扉出光芒。 | 丈夫五十功未立，提刀獨立顧八荒。 | 京華結交盡奇士，意氣相期共生死。 | 千年史策恥無名，一片丹心報天子。 | 爾來從軍天漢濵，南山曉雪玉嶙峋。 | 嗚呼楚雖三戸能亡秦，豈有堂堂中國空無人。,poet.song.128000.json
越州,120.58,30.0,宋,1190,陆游,诉衷情,当年万里觅封侯。 | 匹马戍梁州。 | 关河梦断何处，尘暗旧貂裘。 | 胡未灭，鬓先秋。 | 泪空流。 | 此生谁料，心在天山，身老沧洲。,ci.song.9000.json
越州,120.58,30.0,宋,1195,陸游,對酒,扇邉生怕庾公塵，索笑來逰錦水濵。 | 四野雲齊初釀雪，一枝梅動已催春。 | 緑尊有味能消日，白髮無情不貸人。 | 商略此生何所恨，太平時得自由身。,poet.song.128000.json
越州,120.58,30.0,宋,1195,陸游,對酒,閑愁如飛雪，入酒即消融。 | 好花如故人，一笑杯自空。 | 流鶯有情亦念我，柳邉盡日啼春風。 | 長安不到十四載，酒徒往往成衰翁。 | 九環寶带光照地，不如留君雙頰紅。,poet.song.128000.json
越州,120.58,30.0,宋,1195,陸游,對酒,識字記姓名，擊劍一人敵。 | 孫吳相斫書，了解亦何益。 | 不如黄金罍，瀲瀲春波碧。 | 欣然對之笑，未飲愁已釋。 | 白頭生黑絲，蒼顔桃李色。 | 金丹空九轉，正恐無此力。 | 朝飲績五斗，莫飲髠一石。 | 寄謝采芝翁，無爲老青壁。,poet.song.128000.json
越州,120.58,30.0,宋,1195,陸游,對酒,簷鐸鳴雜珮，簾旌動微波。 | 我老懶讀書，如此長日何。 | 名酒来清江，嫩色如新鵝。 | 奇葅映玉盤，珍鮓開緑荷。 | 萬事姑置之，逌然酣且歌。 | 宦遊亦何好，且復小婆娑。 | 秋風雲門道，踏月捫青蘿。,poet.song.129000.json
越州,120.58,30.0,宋,1195,陸游,對酒,醫從和扁来，未著却老方。 | 吾晚乃得之，莫如麴糵良。 | 一杯臉生春，況復累十觴。 | 坐令桃花紅，換盡霜葉黄。 | 看鏡喜欲舞，追還少年狂。 | 但恨寶釵樓，胡沙隔咸陽。 | 芳華雖無恙，萬里遥相望。 | 感嘆徑投枕，悲歡兩茫茫。,poet.song.129000.json
越州,120.58,30.0,宋,1195,陸游,對酒,新酥鵝兒黄，珍橘金彈香。 | 天公憐寂寞，勞我以一觴。 | 胸中萬卷書，老不施毫芒。 | 持酒一澆之，與汝俱深藏。 | 生當老窮巷，死埋南山岡。 | 古来共如此，已矣庸何傷。,poet.song.130000.json
越州,120.58,30.0,宋,1195,陸游,對酒,古今共有死，長短無百年。 | 方其欲暝時，如困得熟眠。 | 世以生時心，妄度死者情。 | 疑其不忍去，一笑可絕纓。 | 區區計生死，不如持一觴。 | 一觴澆不平，萬事俱可忘。 | 待酒忘萬事，猶是役於酒。 | 醉醒不到處，夭魔自奔走。,poet.song.130000.json
越州,120.58,30.0,宋,1195,陸游,對酒,手摘酴醿翦牡丹，山家草草亦杯盤。 | 溪頭一夜風吹雨，又作殘春幾日寒。,poet.song.131000.json
越州,120.58,30.0,宋,1195,陸游,對酒,老子不堪塵世勞，且當痛飲讀離騷。 | 此身幸已免虎口，有手但能持蟹螯。 | 牛角挂書何足問，虎頭食肉亦非豪。 | 天寒欲與人同醉，安得長江化濁醪。,poet.song.132000.json
越州,120.58,30.0,宋,1195,陸游,對酒,平生但信緣，作計每不審。 | 舂炊官倉粟，一飽輒甘寢。 | 二年棄微祿，溝壑方懔懔。 | 藜羹闕鹽酪，豆飯雜沙墋。 | 偶然餓不死，得酒猶痛飲。 | 捩回灧澦柁，喚省邯鄲枕。,poet.song.132000.json
越州,120.58,30.0,宋,1195,陸游,對酒,神僊豈易學，富貴不容求。 | 百歲儻未盡，一樽差可謀。 | 鐘鳴上方晚，桂發小山秋。 | 處處多幽趣，攢眉勿浪愁。,poet.song.133000.json
越州,120.58,30.0,宋,1195,陸游,對酒,天上何曾許寄愁，酒中正自可忘憂。 | 不能上樹作巢飲，尚辦滿船供拍浮。 | 神仙可學君豈信，衣食裁足吾何求。 | 但憶人如王粲輩，相携一笑賦登樓。,poet.song.134000.json
越州,120.58,30.0,宋,1195,陸游,對酒,賦性雖耽酒，其如老病身。 | 氣衰成小戶，醅濁號賢人。 | 疏廣矜君賜，劉伶畏婦嗔。 | 蘭亭獨超絕，千載擅清真。,poet.song.134000.json
越州,120.58,30.0,宋,1195,陸游,對酒,斷簡殘編不策勛，東皋猶得肆微勤。 | 榮枯一枕春來夢，聚散千山雨後雲。 | 烟水幸堪供眼界，世緣何得累心君。 | 床頭小甕今朝熟，撥置閑愁且一欣。,poet.song.134000.json
越州,120.58,30.0,宋,1195,陸游,對酒,社醅又借醉顔酡，手挽鄰翁作浩歌。 | 江月偏能照蓬戶，京塵終不汙漁蓑。 | 苦吟且復欹吾帽，對弈真當爛汝柯。 | 回首紛紛俱夢耳，人間何處有天魔。,poet.song.136000.json
越州,120.58,30.0,宋,1195,陸游,對酒,酒非攻愁具，本頼以適意。 | 如接名勝遊，所挹在風味。 | 庸子墮世紛，但欲蘄一醉。 | 麴生絕俗人，笑汝非真契。,poet.song.136000.json
越州,120.58,30.0,宋,1210,陸游,示兒,舍東已種百本桑，舍西仍築百步塘。 | 早茶采盡晚茶出，小麥方秀大麥黄。 | 老夫一飽手捫腹，不復舉首號蒼蒼。 | 讀書習氣掃未盡，燈前簡牘紛朱黄。 | 吾兒從旁論治亂，每使老子喜欲狂。 | 不須飲酒徑自醉，取書相和聲琅琅。 | 人生百病有已時，獨有書癖不可醫。 | 願兒力耕足衣食，讀書萬卷真何益。,poet.song.130000.json
越州,120.58,30.0,宋,1210,陸游,示兒,斥逐襆被歸，招喚振衣起。 | 此是鄙夫事，學者那得爾。 | 前年還東時，指心誓江水。 | 亦知食不足，但有餓而死。 | 小兒教汝書，不用日十紙。 | 字字講聲形，仍要身踐履。 | 果能稱善人，便可老鄉里。 | 勿言五鼎養，肉食吾所鄙。,poet.song.130000.json
越州,120.58,30.0,宋,1210,陸游,示兒,文能換骨餘無法，學但窮源自不疑。 | 齒豁頭童方悟此，乃翁見事可憐遲。,poet.song.130000.json
越州,120.58,30.0,宋,1210,陸游,示兒,得道如良賈，深藏要若無。 | 冶金寧輒躍，韞玉忌輕沽。 | 儒術今方裂，吾家學本孤。 | 汝曹能念此，努力共枝梧。,poet.song.133000.json
越州,120.58,30.0,宋,1210,陸游,示兒,聞義貴能徙，見賢思與齊。 | 食嘗甘脫粟，起不待鳴雞。 | 蕭索園官菜，酸寒太學齏。 | 時時語兒子，未用厭鉏犁。,poet.song.133000.json
越州,120.58,30.0,宋,1210,陸游,示兒,死去元知萬事空，但悲不見九州同。 | 王師北定中原日，家祭無忘告乃翁。,poet.song.136000.json
邯郸,114.49,36.61,唐,747,高適,別董大二首 一,十里黃雲白日曛，北風吹雁雪紛紛。 | 莫愁前路無知己，天下誰人不識君。,poet.tang.10000.json
邯郸,114.49,36.61,唐,747,高適,別董大二首 二,六翮飄颻私自憐，一離京洛十餘年。 | 丈夫貧賤應未足，今日相逢無酒錢。,poet.tang.10000.json
邯郸,114.49,36.61,唐,804,白居易,邯鄲冬至夜思家,邯鄲驛裏逢冬至，抱膝燈前影伴身。 | 想得家中夜深坐，還應說著遠行人。,poet.tang.22000.json
郴州,113.01,25.77,宋,1078,秦观,鹊桥仙,纤云弄巧，飞星传恨，银汉迢迢暗度。 | 金风玉露一相逢，便胜却、人间无数。 | 柔情似水，佳期如梦，忍顾鹊桥归路。 | 两情若是长久时，又岂在、朝朝暮暮。,ci.song.3000.json
郴州,113.01,25.77,宋,1094,秦观,浣溪沙,漠漠轻寒上小楼。 | 晓阴无赖似穷秋。 | 淡烟流水画屏幽。 | 自在飞花轻似梦，无边丝雨细如愁。 | 宝帘闲挂小银钩。,ci.song.3000.json
金陵,118.8,32.06,唐,725,李白,雜曲歌辭 長干行二首 一,妾髮初覆額，折花門前劇。 | 郎騎竹馬來，遶牀弄青梅。 | 同居長干里，兩小無嫌猜。 | 十四爲君婦，羞顏尚不開。 | 低頭向暗壁，千喚不一迴。 | 十五始展眉，願同塵與灰。 | 常存抱柱信，豈上望夫臺。 | 十六君遠行，瞿塘灩預堆。 | 五月不可觸，猨鳴天上哀。 | 門前遲行跡，一一生綠苔。 | 苔深不能掃，落葉秋風早。 | 八月蝴蝶來，雙飛西園草。 | 感此傷妾心，坐愁紅顏老。 | 早晚下三巴，預將書報家。 | 相迎不道遠，直至長風沙。,poet.tang.1000.json
金陵,118.8,32.06,唐,725,李白,長干行二首 一,妾髮初覆額，折花門前劇。 | 郎騎竹馬來，繞牀弄青梅。 | 同居長干里，兩小無嫌猜。 | 十四爲君婦，羞顏未嘗開。 | 低頭向暗壁，千喚不一迴。 | 十五始展眉，願同塵與灰。 | 常存抱柱信，豈上望夫臺。 | 十六君遠行，瞿塘灩澦堆。 | 五月不可觸，猨聲天上哀。 | 門前遲行跡，一一生綠苔。 | 苔深不能掃，落葉秋風早。 | 八月胡蝶來，雙飛西園草。 | 感此傷妾心，坐愁紅顏老。 | 早晚下三巴，預將書報家。 | 相迎不道遠，直至長風沙。,poet.tang.8000.json
金陵,118.8,32.06,唐,726,李白,金陵酒肆留別,風吹柳花滿店香，吳姬壓酒喚客嘗。 | 金陵子弟來相送，欲行不行各盡觴。 | 請君試問東流水，別意與之誰短長。,poet.tang.8000.json
金陵,118.8,32.06,唐,739,李白,夜泊牛渚懷古,牛渚西江夜，青天無片雲。 | 登舟望秋月，空憶謝將軍。 | 余亦能高詠，斯人不可聞。 | 明朝挂帆席，楓葉落紛紛。,poet.tang.8000.json
金陵,118.8,32.06,唐,747,李白,登金陵鳳凰臺,鳳凰臺上鳳凰遊，鳳去臺空江自流。 | 吳宮花草埋幽徑，晉代衣冠成古丘。 | 三山半落青天外，二水中分白鷺洲。 | 總爲浮雲能蔽日，長安不見使人愁。,poet.tang.8000.json
金陵,118.8,32.06,唐,826,劉禹錫,金陵五題 烏衣巷,朱雀橋邊野草花，烏衣巷口夕陽斜。 | 舊時王謝堂前燕，飛入尋常百姓家。,poet.tang.19000.json
金陵,118.8,32.06,唐,841,杜牧,泊秦淮,煙籠寒水月籠沙，夜泊秦淮近酒家。 | 商女不知亡國恨，隔江猶唱後庭花。,poet.tang.28000.json
金陵,118.8,32.06,唐,975,後主煜,相見歡 一,林花謝了春紅，太悤悤。 | 無奈朝來寒雨，晚來風。 | 胭脂淚，相留醉，幾時重。 | 自是人生長恨，水長東。,poet.tang.49000.json
金陵,118.8,32.06,唐,975,後主煜,相見歡 二,無言獨上西樓，月如鉤。 | 寂寞梧桐深院，鎖清秋。 | 翦不斷，理還亂，是離愁。 | 別是一般滋味，在心頭。,poet.tang.49000.json
金陵,118.8,32.06,唐,975,後主煜,清平樂,別來春半，觸目愁腸斷。 | 砌下落梅如雪亂，拂了一身還滿。 | 雁來音信無憑，路遙歸夢難成。 | 離恨却如春草，更行更遠還生。,poet.tang.49000.json
金陵,118.8,32.06,唐,977,後主煜,虞美人 一,風回小院庭蕪綠，柳眼春相續。 | 凭闌半日獨無言，依舊竹聲新月，似當年。 | 笙歌未散尊罍在，池面冰初解。 | 燭明香暗畫樓深，滿鬢清霜殘雪，思難禁。,poet.tang.49000.json
金陵,118.8,32.06,唐,978,後主煜,虞美人 二,春花秋月何時了，往事知多少。 | 小樓昨夜又東風，故國不堪回首，月明中。 | 雕闌玉砌應猶在，只是朱顏改。 | 問君能有幾多愁，恰似一江春水，向東流。,poet.tang.49000.json
金陵,118.8,32.06,宋,1129,李清照,渔家傲,天接云涛连晓雾。 | 星河欲转千帆舞。 | 彷佛梦魂归帝所。 | 闻天语。 | 殷勤问我归何处。 | 我报路长嗟日暮。 | 学诗谩有惊人句。 | 九万里风鹏正举。 | 风休住。 | 蓬舟吹取三山去。,ci.song.6000.json
金陵,118.8,32.06,宋,1135,李清照,临江仙,庭院深深深几许，云窗雾阁常扃。 | 柳梢梅萼渐分明。 | 春归秣陵树，人客远安城。 | 感月吟风多少事，如今老去无成。 | 谁怜憔悴更凋零。 | 试灯无意思，踏雪没心情。,ci.song.6000.json
金陵,118.8,32.06,宋,1135,李清照,临江仙,庭院深深深几许，云窗雾阁春迟。 | 为谁憔悴损芳姿。 | 夜来清梦好，应是发南枝。 | 玉瘦檀轻无限恨，南楼羌管休吹。 | 浓香吹尽有谁知。 | 暖风迟日也，别到杏花肥。,ci.song.6000.json
金陵,118.8,32.06,宋,1152,李清照,永遇乐,落日熔金，暮云合璧，人在何处。 | 染柳烟浓，吹梅笛怨，春意知几许。 | 元宵佳节，融和天气，次第岂无风雨。 | 来相召、香车宝马，谢他酒朋诗侣。 | 中州盛日，闺门多暇，记得偏重三五。 | 铺翠冠儿，拈金雪柳，簇带争济楚。 | 如今憔悴，风鬟霜鬓，怕见夜间出去。 | 不如向、帘儿底下，听人笑语。,ci.song.6000.json
金陵,118.8,32.06,宋,1174,辛弃疾,水龙吟,楚天千里清秋，水随天去秋无际。 | 遥岑远目，献愁供恨，玉簪螺髻。 | 落日楼头，断鸿声里，江南游子。 | 把吴钩看了，栏干拍遍，无人会、登临意。 | 休说鲈鱼堪鲙。 | 尽西风、季鹰归未。 | 求田问舍，怕应羞见，刘郎才气。 | 可惜流年，忧愁风雨，树犹如此。 | 倩何人，唤取盈盈翠袖，搵英雄泪。,ci.song.11000.json
金陵,118.8,32.06,宋,1276,文天祥,揚子江,幾日隨風北海游，回從揚子大江頭。 | 臣心一片磁針石，不指南方不肯休。,poet.song.239000.json
镇江,119.45,32.2,宋,1075,王安石,泊船瓜洲,京口瓜洲一水間，鍾山祇隔數重山。 | 春風自綠江南岸，明月何時照我還。,poet.song.32000.json
镇江,119.45,32.2,宋,1192,辛弃疾,水龙吟,举头西北浮云，倚天万里须长剑。 | 人言此地，夜深长见，斗牛光焰。 | 我觉山高，潭空水冷，月明星淡。 | 待燃犀下看，凭栏却怕，风雷怒，鱼龙惨。 | 峡束□江对起，过危楼、欲飞还敛。 | 元龙老矣，不妨高卧，冰壶凉簟。 | 千古兴亡，百年悲笑，一时登览。 | 问何人又卸，片帆沙岸，系斜阳缆。,ci.song.11000.json
长安,108.94,34.26,唐,717,王維,九月九日憶山東兄弟,獨在異鄉爲異客，每逢佳節倍思親。 | 遙知兄弟登高處，遍插茱萸少一人。,poet.tang.6000.json
长安,108.94,34.26,唐,734,王維,送綦毋潛落第還鄉,聖代無隱者，英靈盡來歸。 | 遂令東山客，不得顧采薇。 | 既至君門遠，孰云吾道非。 | 江淮度寒食，京洛縫春衣。 | 置酒臨長道，同心與我違。 | 行當浮桂櫂，未幾拂荆扉。 | 遠樹帶行客，孤村當落暉。 | 吾謀適不用，勿謂知音稀。,poet.tang.5000.json
长安,108.94,34.26,唐,740,賀知章,詠柳,碧玉妝成一樹高，萬條垂下綠絲縧。 | 不知細葉誰裁出，二月春風似剪刀。,poet.tang.5000.json
长安,108.94,34.26,唐,743,李白,雜曲歌辭 清平調 一,雲想衣裳花想容，春風拂檻露華濃。 | 若非羣玉山頭見，會向瑤臺月下逢。,poet.tang.2000.json
长安,108.94,34.26,唐,743,李白,雜曲歌辭 清平調 二,一枝紅豔露凝香，雲雨巫山枉斷腸。 | 借問漢宮誰得似，可憐飛燕倚新妝。,poet.tang.2000.json
长安,108.94,34.26,唐,743,李白,雜曲歌辭 清平調 三,名花傾國兩相歡，長得君王帶笑看。 | 解釋春風無限恨，沈香亭北倚闌干。,poet.tang.2000.json
长安,108.94,34.26,唐,743,李白,清平調 一,雲想衣裳花想容，春風拂檻露華濃。 | 若非羣玉山頭見，會向瑤臺月下逢。,poet.tang.49000.json
长安,108.94,34.26,唐,743,李白,清平調 二,一枝紅豔露凝香，雲雨巫山枉斷腸。 | 借問漢宮誰得似，可憐飛燕倚新妝。,poet.tang.49000.json
长安,108.94,34.26,唐,743,李白,清平調 三,名花傾國兩相歡，常得君王帶笑看。 | 解得春風無限恨，沈香亭北倚闌干。,poet.tang.49000.json
长安,108.94,34.26,唐,743,李白,清平調詞三首 一,雲想衣裳花想容，春風拂檻露華濃。 | 若非羣玉山頭見，會向瑤臺月下逢。,poet.tang.8000.json
长安,108.94,34.26,唐,743,李白,清平調詞三首 二,一枝穠豔露凝香，雲雨巫山枉斷腸。 | 借問漢宮誰得似，可憐飛燕倚新妝。,poet.tang.8000.json
长安,108.94,34.26,唐,743,李白,清平調詞三首 三,名花傾國兩相歡，長得君王帶笑看。 | 觧釋春風無限恨，沈香亭北倚闌干。,poet.tang.8000.json
长安,108.94,34.26,唐,744,李白,雜曲歌辭 長相思三首 一,長相思，在長安，絡緯秋啼金井欄。 | 微霜淒淒簟色寒，孤燈不明思欲絕。 | 卷帷望月空長歎，美人如花隔雲端。 | 上有青冥之長天，下有綠水之波瀾。 | 天長路遠魂飛苦，夢魂不到關山難。 | 長相思，摧心肝。,poet.tang.1000.json
长安,108.94,34.26,唐,744,李白,雜曲歌辭 長相思三首 三,美人在時花滿堂，美人去後花餘牀。 | 牀中繡被卷不寢，至今三載猶聞香。 | 香亦竟不滅，人亦竟不來。 | 相思黃葉落，白露點青苔。,poet.tang.1000.json
长安,108.94,34.26,唐,744,李白,雜曲歌辭 行路難三首 一,金尊清酒斗十千，玉盤珍羞直萬錢。 | 停杯投筯不能食，拔劒四顧心茫然。 | 欲渡黃河冰塞川，將登太行雪暗天。 | 閑來垂釣坐溪上，忽復乘舟夢日邊。 | 行路難，行路難，多岐路，今安在？ | 長風破浪會有時，直挂雲帆濟滄海。,poet.tang.1000.json
长安,108.94,34.26,唐,744,李白,雜曲歌辭 行路難三首 二,大道如青天，我獨不得出。 | 羞逐長安社中兒，赤雞白狗賭梨栗。 | 彈劒作歌奏苦聲，曳裾王門不稱情。 | 淮陰市井笑韓信，漢朝公卿忌賈生。 | 君不見昔時燕家重郭隗，擁篲折腰無嫌猜。 | 劇辛樂毅感恩分，輸肝剖膽效英才。 | 昭王白骨縈蔓草，誰人更掃黃金臺。 | 行路難，歸去來。,poet.tang.1000.json
长安,108.94,34.26,唐,744,李白,雜曲歌辭 行路難三首 三,有耳莫洗潁川水，有口莫食首陽蕨。 | 含光混世貴無名，何用孤高比雲月。 | 吾觀自古賢達人，功成不退皆殞身。 | 子胥既棄吳江上，屈原終投湘水濱。 | 陸機才多豈自保，李斯稅駕苦不早。 | 華亭鶴唳詎可聞，上蔡蒼鷹何足道？ | 君不見吳中張翰稱達士，秋風忽憶江東行。 | 且樂生前一杯酒，何須身後千載名。,poet.tang.1000.json
长安,108.94,34.26,唐,744,李白,行路難三首 一,金樽清酒斗十千，玉盤珍羞直萬錢。 | 停杯投筯不能食，拔劒四顧心茫然。 | 欲渡黃河冰塞川，將登太行雪滿山。 | 閑來垂釣碧溪上，忽復乘舟夢日邊。 | 行路難，行路難，多岐路，今安在。 | 長風破浪會有時，直挂雲帆濟滄海。,poet.tang.8000.json
长安,108.94,34.26,唐,744,李白,行路難三首 二,大道如青天，我獨不得出。 | 羞逐長安社中兒，赤雞白狗賭梨栗。 | 彈劒作歌奏苦聲，曳裾王門不稱情。 | 淮陰市井笑韓信，漢朝公卿忌賈生。 | 君不見昔時燕家重郭隗，擁篲折節無嫌猜。 | 劇辛樂毅感恩分，輸肝剖膽效英才。 | 昭王白骨縈爛草，誰人更掃黃金臺。 | 行路難，歸去來。,poet.tang.8000.json
长安,108.94,34.26,唐,744,李白,行路難三首 三,有耳莫洗潁川水，有口莫食首陽蕨。 | 含光混世貴無名，何用孤高比雲月。 | 吾觀自古賢達人，功成不退皆殞身。 | 子胥既棄吳江上，屈原終投湘水濱。 | 陸機雄才豈自保，李斯稅駕苦不早。 | 華亭鶴唳詎可聞，上蔡蒼鷹何足道。 | 君不見吳中張翰稱達生，秋風忽憶江東行。 | 且樂生前一杯酒，何須身後千載名。,poet.tang.8000.json
长安,108.94,34.26,唐,744,李白,長相思,長相思，在長安，絡緯秋啼金井闌。 | 微霜淒淒簟色寒，孤燈不明思欲絕。 | 卷帷望月空長歎，美人如花隔雲端。 | 上有青冥之長天，下有淥水之波瀾。 | 天長路遠魂飛苦，夢魂不到關山難。 | 長相思，摧心肝。,poet.tang.8000.json
长安,108.94,34.26,唐,744,李白,春思,燕草如碧絲，秦桑低綠枝。 | 當君懷歸日，是妾斷腸時。 | 春風不相識，何事入羅幃。,poet.tang.8000.json
长安,108.94,34.26,唐,744,李白,子夜吳歌 春歌,秦地羅敷女，採桑綠水邊。 | 素手青條上，紅妝白日鮮。 | 蠶飢妾欲去，五馬莫留連。,poet.tang.8000.json
长安,108.94,34.26,唐,744,李白,子夜吳歌 夏歌,鏡湖三百里，菡萏發荷花。 | 五月西施採，人看隘若耶。 | 回舟不待月，歸去越王家。,poet.tang.8000.json
长安,108.94,34.26,唐,744,李白,子夜吳歌 秋歌,長安一片月，萬戶擣衣聲。 | 秋風吹不盡，總是玉關情。 | 何日平胡虜，良人罷遠征。,poet.tang.8000.json
长安,108.94,34.26,唐,744,李白,子夜吳歌 冬歌,明朝驛使發，一夜絮征袍。 | 素手抽針冷，那堪把剪刀。 | 裁縫寄遠道，幾日到臨洮。,poet.tang.8000.json
长安,108.94,34.26,唐,744,李白,長相思 一,日色已盡花含煙，月明欲素愁不眠。 | 趙瑟初停鳳凰柱，蜀琴欲奏鴛鴦弦。 | 此曲有意無人傳，願隨春風寄燕然，憶君迢迢隔青天。 | 昔日橫波目，今成流淚泉。 | 不信妾腸斷，歸來看取明鏡前。,poet.tang.8000.json
长安,108.94,34.26,唐,744,李白,長相思 二,美人在時花滿堂，美人去後空餘牀。 | 牀中繡被卷不寢，至今三載猶聞香。 | 香亦竟不滅，人亦竟不來。 | 相思黃葉落，白露點青苔。,poet.tang.8000.json
长安,108.94,34.26,唐,744,李白,月下獨酌四首 一,花間一壺酒，獨酌無相親。 | 舉杯邀明月，對影成三人。 | 月既不解飲，影徒隨我身。 | 暫伴月將影，行樂須及春。 | 我歌月裴回，我舞影零亂。 | 醒時同交歡，醉後各分散。 | 永結無情遊，相期邈雲漢。,poet.tang.8000.json
长安,108.94,34.26,唐,744,李白,月下獨酌四首 二,天若不愛酒，酒星不在天。 | 地若不愛酒，地應無酒泉。 | 天地既愛酒，愛酒不愧天。 | 已聞清比聖，復道濁如賢。 | 賢聖既已飲，何必求神仙。 | 三杯通大道，一斗合自然。 | 但得酒中趣，勿爲醒者傳。,poet.tang.8000.json
长安,108.94,34.26,唐,744,李白,月下獨酌四首 三,三月咸陽城，千花晝如錦。 | 誰能春獨愁，對此徑須飲。 | 窮通與修短，造化夙所稟。 | 一樽齊死生，萬事固難審。 | 醉後失天地，兀然就孤枕。 | 不知有吾身，此樂最爲甚。,poet.tang.8000.json
长安,108.94,34.26,唐,744,李白,月下獨酌四首 四,窮愁千萬端，美酒三百杯。 | 愁多酒雖少，酒傾愁不來。 | 所以知酒聖，酒酣心自開。 | 辭粟臥首陽，屢空飢顏回。 | 當代不樂飲，虛名安用哉。 | 蟹螯即金液，糟丘是蓬萊。 | 且須飲美酒，乘月醉高臺。,poet.tang.8000.json
长安,108.94,34.26,唐,750,李白,把酒問月,青天有月來幾時，我今停杯一問之。 | 人攀明月不可得，月行却與人相隨。 | 皎如飛鏡臨丹闕，綠烟滅盡清輝發。 | 但見宵從海上來，寧知曉向雲間沒。 | 白兔擣藥秋復春，嫦娥孤棲與誰鄰。 | 今人不見古時月，今月曾經照古人。 | 古人今人若流水，共看明月皆如此。 | 唯願當歌對酒時，月光長照金樽裏。,poet.tang.8000.json
长安,108.94,34.26,唐,750,高適,除夜作,旅館寒燈獨不眠，客心何事轉悽然。 | 故鄉今夜思千里，愁鬢明朝又一年。,poet.tang.10000.json
长安,108.94,34.26,唐,751,杜甫,兵車行,車轔轔，馬蕭蕭，行人弓箭各在腰。 | 耶孃妻子走相送，塵埃不見咸陽橋。 | 牽衣頓足闌道哭，哭聲直上干雲霄。 | 道傍過者問行人，行人但云點行頻。 | 或從十五北防河，便至四十西營田。 | 去時里正與裹頭，歸來頭白還戍邊。 | 邊亭流血成海水，武皇開邊意未已。 | 君不聞漢家山東二百州，千村萬落生荆杞。 | 縱有健婦把鋤犂，禾生隴畝無東西。 | 況復秦兵耐苦戰，被驅不異犬與雞。 | 長者雖有問，役夫敢申恨。 | 且如今年冬，未休關西卒。 | 縣官急索租，租稅從何出？ | 信知生男惡，反是生女好。 | 生女猶是嫁比鄰，生男埋沒隨百草。 | 君不見青海頭，古來白骨無人收。 | 新鬼煩冤舊鬼哭，天陰雨濕聲啾啾。,poet.tang.10000.json
长安,108.94,34.26,唐,752,岑參,與高適薛據慈恩寺浮圖,塔勢如湧出，孤高聳天宮。 | 登臨出世界，磴道盤虛空。 | 突兀壓神州，崢嶸如鬼工。 | 四角礙白日，七層摩蒼穹。 | 下窺指高鳥，俯聽聞驚風。 | 連山若波濤，奔湊似朝東。 | 青槐夾馳道，宮館何玲瓏。 | 秋色從西來，蒼然滿關中。 | 五陵北原上，萬古青濛濛。 | 淨理了可悟，勝因夙所宗。 | 誓將挂冠去，覺道資無窮。,poet.tang.9000.json
长安,108.94,34.26,唐,753,杜甫,雜曲歌辭 麗人行,三月三日天氣新，長安水邊多麗人。 | 態濃意遠淑且真，肌理細膩骨肉勻。 | 繡羅衣裳照暮春，蹙金孔雀銀麒麟。 | 頭上何所有？翠微㔩葉垂鬢脣。 | 背後何所見？珠壓腰衱穩稱身。 | 就中雲幕椒房親，賜名大國虢與秦。 | 紫駞之峯出翠釜，水晶之盤行素鱗。 | 犀筯厭飫久未下，鸞刀縷切空紛綸。 | 黃門飛鞚不動塵，御廚絲絡送八珍。 | 簫鼓哀吟感鬼神，賓從雜遝實要津。 | 後來鞍馬何逡巡，當軒下馬入錦茵。 | 楊花雪落覆白蘋，青鳥飛去銜紅巾。 | 炙手可熱勢絕倫，慎莫近前丞相嗔。,poet.tang.1000.json
长安,108.94,34.26,唐,753,杜甫,麗人行,三月三日天氣新，長安水邊多麗人。 | 態濃意遠淑且真，肌理細膩骨肉勻。 | 繡羅衣裳照暮春，蹙金孔雀銀麒麟。 | 頭上何所有，翠微㔩葉垂鬢脣。 | 背後何所見，珠壓腰衱穩稱身。 | 就中雲幕椒房親，賜名大國虢與秦。 | 紫駝之峰出翠釜，水精之盤行素鱗。 | 犀箸厭飫久未下，鑾刀縷切空紛綸。 | 黃門飛鞚不動塵，御廚絡繹送八珍。 | 簫鼓哀吟感鬼神，賓從雜遝實要津。 | 後來鞍馬何逡巡，當軒下馬入錦茵。 | 楊花雪落覆白蘋，青鳥飛去銜紅巾。 | 炙手可熱勢絕倫，慎莫近前丞相嗔。,poet.tang.10000.json
长安,108.94,34.26,唐,755,杜甫,自京赴奉先縣詠懷五百字,杜陵有布衣，老大意轉拙。 | 許身一何愚，竊比稷與契。 | 居然成濩落，白手甘契闊。 | 蓋棺事則已，此志常覬豁。 | 窮年憂黎元，歎息腸內熱。 | 取笑同學翁，浩歌彌激烈。 | 非無江海志，蕭灑送日月。 | 生逢堯舜君，不忍便永訣。 | 當今廊廟具，構廈豈云缺。 | 葵藿傾太陽，物性固莫奪。 | 顧惟螻蟻輩，但自求其穴。 | 胡爲慕大鯨，輒擬偃溟渤。 | 以茲悟生理，獨恥事干謁。 | 兀兀遂至今，忍爲塵埃沒。 | 終媿巢與由，未能易其節。 | 沈飲聊自適，放歌頗愁絕。 | 歲暮百草零，疾風高岡裂。 | 天衢陰崢嶸，客子中夜發。 | 霜嚴衣帶斷，指直不得結。 | 凌晨過驪山，御榻在嵽嵲。 | 蚩尤塞寒空，蹴蹋崖谷滑。 | 瑤池氣鬱律，羽林相摩戛。 | 君臣留歡娛，樂動殷樛嶱。 | 賜浴皆長纓，與宴非短褐。 | 彤庭所分帛，本自寒女出。 | 鞭撻其夫家，聚斂貢城闕。 | 聖人筐篚恩，實欲邦國活。 | 臣如忽至理，君豈棄此物。 | 多士盈朝廷，仁者宜戰慄。 | 況聞內金盤，盡在衛霍室。 | 中堂舞神仙，煙霧散玉質。 | 煖客貂鼠裘，悲管逐清瑟。 | 勸客駝蹄羹，霜橙壓香橘。 | 朱門酒肉臭，路有凍死骨。 | 榮枯咫尺異，惆悵難再述。 | 北轅就涇渭，官渡又改轍。 | 羣冰從西下，極目高崪兀。 | 疑是崆峒來，恐觸天柱折。 | 河梁幸未坼，枝撐聲窸窣。 | 行旅相攀援，川廣不可越。 | 老妻寄異縣，十口隔風雪。 | 誰能久不顧，庶往共飢渴。 | 入門聞號咷，幼子飢已卒。 | 吾寧舍一哀，里巷亦嗚咽。 | 所媿爲人父，無食致夭折。 | 豈知秋未登，貧寠有蒼卒。 | 生常免租稅，名不隸征伐。 | 撫迹猶酸辛，平人固騷屑。 | 默思失業徒，因念遠戍卒。 | 憂端齊終南，澒洞不可掇。,poet.tang.10000.json
长安,108.94,34.26,唐,756,杜甫,哀王孫,長安城頭頭白烏，夜飛延秋門上呼。 | 又向人家啄大屋，屋底達官走避胡。 | 金鞭斷折九馬死，骨肉不待同馳驅。 | 腰下實玦青珊瑚，可憐王孫泣路隅。 | 問之不肯道姓名，但道困苦乞爲奴。 | 已經百日竄荆棘，身上無有完肌膚。 | 高帝子孫盡隆準，龍種自與常人殊。 | 豺狼在邑龍在野，王孫善保千金軀。 | 不敢長語臨交衢，且爲王孫立斯須。 | 昨夜東風吹血腥，東來橐駝滿舊都。 | 朔方健兒好身手，昔何勇銳今何愚。 | 竊聞天子已傳位，賢德北服南單于。 | 花門剺面請雪恥，慎勿出口他人狙。 | 哀哉王孫慎勿疎，五陵佳氣無時無。,poet.tang.10000.json
长安,108.94,34.26,唐,756,杜甫,月夜,今夜鄜州月，閨中只獨看。 | 遙憐小兒女，未解憶長安。 | 香霧雲鬟濕，清輝玉臂寒。 | 何時倚虛幌，雙照淚痕乾。,poet.tang.11000.json
长安,108.94,34.26,唐,757,杜甫,哀江頭,少陵野老吞聲哭，春日潛行曲江曲。 | 江頭宮殿鎖千門，細柳新蒲爲誰綠。 | 憶昔霓旌下南苑，苑中萬物生顏色。 | 昭陽殿裏第一人，同輦隨君侍君側。 | 輦前才人帶弓箭，白馬嚼齧黃金勒。 | 翻身向天仰射雲，一箭正墜雙飛翼。 | 明眸皓齒今何在，血污遊魂歸不得。 | 清渭東流劒閣深，去住彼此無消息。 | 人生有情淚霑臆，江水江花豈終極。 | 黃昏胡騎塵滿城，欲往城南忘南北。,poet.tang.10000.json
长安,108.94,34.26,唐,757,杜甫,北征,皇帝二載秋，閏八月初吉。 | 杜子將北征，蒼茫問家室。 | 維時遭艱虞，朝野少暇日。 | 顧慙恩私被，詔許歸蓬蓽。 | 拜辭詣闕下，怵惕久未出。 | 雖乏諫諍姿，恐君有遺失。 | 君誠中興主，經緯固密勿。 | 東胡反未已，臣甫憤所切。 | 揮涕戀行在，道途猶恍惚。 | 乾坤含瘡痍，憂虞何時畢。 | 靡靡踰阡陌，人煙眇蕭瑟。 | 所遇多被傷，呻吟更流血。 | 回首鳳翔縣，旌旗晚明滅。 | 前登寒山重，屢得飲馬窟。 | 邠郊入地底，涇水中蕩潏。 | 猛虎立我前，蒼崖吼時裂。 | 菊垂今秋花，石戴古車轍。 | 青雲動高興，幽事亦可悅。 | 山果多瑣細，羅生雜橡栗。 | 或紅如丹砂，或黑如點漆。 | 雨露之所濡，甘苦齊結實。 | 緬思桃源內，益歎身世拙。 | 坡陀望鄜畤，巖谷互出沒。 | 我行已水濱，我僕猶木末。 | 鴟鳥鳴黃桑，野鼠拱亂穴。 | 夜深經戰場，寒月照白骨。 | 潼關百萬師，往者散何卒。 | 遂令半秦民，殘害爲異物。 | 況我墮胡塵，及歸盡華髮。 | 經年至茅屋，妻子衣百結。 | 慟哭松聲回，悲泉共幽咽。 | 平生所嬌兒，顏色白勝雪。 | 見耶背面啼，垢膩脚不韤。 | 牀前兩小女，補綻才過膝。 | 海圖坼波濤，舊繡移曲折。 | 天吳及紫鳳，顛倒在裋褐。 | 老夫情懷惡，嘔泄臥數日。 | 那無囊中帛，救汝寒凜慄。 | 粉黛亦解苞，衾裯稍羅列。 | 瘦妻面復光，癡女頭自櫛。 | 學母無不爲，曉妝隨手抹。 | 移時施朱鉛，狼藉畫眉闊。 | 生還對童穉，似欲忘飢渴。 | 問事競挽鬚，誰能即嗔喝。 | 飜思在賊愁，甘受雜亂聒。 | 新歸且慰意，生理焉能說。 | 至尊尚蒙塵，幾日休練卒。 | 仰觀天色改，坐覺祅氣豁。 | 陰風西北來，慘澹隨回鶻。 | 其王願助順，其俗善馳突。 | 送兵五千人，驅馬一萬匹。 | 此輩少爲貴，四方服勇決。 | 所用皆鷹騰，破敵過箭疾。 | 聖心頗虛佇，時議氣欲奪。 | 伊洛指掌收，西京不足拔。 | 官軍請深入，蓄銳何俱發。 | 此舉開青徐，旋瞻略恆碣。 | 昊天積霜露，正氣有肅殺。 | 禍轉亡胡歲，勢成擒胡月。 | 胡命其能久，皇綱未宜絕。 | 憶昨狼狽初，事與古先別。 | 姦臣竟葅醢，同惡隨蕩析。 | 不聞夏殷衰，中自誅褒妲。 | 周漢獲再興，宣光果明哲。 | 桓桓陳將軍，仗鉞奮忠烈。 | 微爾人盡非，于今國猶活。 | 淒涼大同殿，寂寞白獸闥。 | 都人望翠華，佳氣向金闕。 | 園陵固有神，埽灑數不缺。 | 煌煌太宗業，樹立甚宏達。,poet.tang.10000.json
长安,108.94,34.26,唐,757,杜甫,春望,國破山河在，城春草木深。 | 感時花濺淚，恨別鳥驚心。 | 烽火連三月，家書抵萬金。 | 白頭搔更短，渾欲不勝簪。,poet.tang.11000.json
长安,108.94,34.26,唐,758,岑參,寄左省杜拾遺,聯步趨丹陛，分曹限紫微。 | 曉隨天仗入，暮惹御香歸。 | 白髮悲花落，青雲羨鳥飛。 | 聖朝無闕事，自覺諫書稀。,poet.tang.9000.json
长安,108.94,34.26,唐,758,杜甫,春宿左省,花隱掖垣暮，啾啾棲鳥過。 | 星臨萬戶動，月傍九霄多。 | 不寢聽金鑰，因風想玉珂。 | 明朝有封事，數問夜如何。,poet.tang.11000.json
长安,108.94,34.26,唐,785,盧綸,和張僕射塞下曲 一,鷲翎金僕姑，燕尾繡蝥弧。 | 獨立揚新令，千營共一呼。,poet.tang.14000.json
长安,108.94,34.26,唐,785,盧綸,和張僕射塞下曲 二,林暗草驚風，將軍夜引弓。 | 平明尋白羽，沒在石稜中。,poet.tang.14000.json
长安,108.94,34.26,唐,785,盧綸,和張僕射塞下曲 三,月黑鴈飛高，單于夜遁逃。 | 欲將輕騎逐，大雪滿弓刀。,poet.tang.14000.json
长安,108.94,34.26,唐,785,盧綸,和張僕射塞下曲 四,野幕敞瓊筵，羌戎賀勞旋。 | 醉和金甲舞，雷鼓動山川。,poet.tang.14000.json
长安,108.94,34.26,唐,785,盧綸,和張僕射塞下曲 五,調箭又呼鷹，俱聞出世能。 | 奔狐將迸雉，掃盡古丘陵。,poet.tang.14000.json
长安,108.94,34.26,唐,785,盧綸,和張僕射塞下曲 六,亭亭七葉貴，蕩蕩一隅清。 | 他日題麟閣，唯應獨不名。,poet.tang.14000.json
长安,108.94,34.26,唐,787,白居易,賦得古原草送別,離離原上草，一歲一枯榮。 | 野火燒不盡，春風吹又生。 | 遠芳侵古道，晴翠接荒城。 | 又送王孫去，萋萋滿別情。,poet.tang.22000.json
长安,108.94,34.26,唐,806,白居易,長恨歌,漢皇重色思傾國，御宇多年求不得。 | 楊家有女初長成，養在深閨人未識。 | 天生麗質難自棄，一朝選在君王側。 | 回眸一笑百媚生，六宮粉黛無顏色。 | 春寒賜浴華清池，溫泉水滑洗凝脂。 | 侍兒扶起嬌無力，始是新承恩澤時。 | 雲鬢花顏金步搖，芙蓉帳暖度春宵。 | 春宵苦短日高起，從此君王不早朝。 | 承歡侍宴無閑暇，春從春遊夜專夜。 | 後宮佳麗三千人，三千寵愛在一身。 | 金屋妝成嬌侍夜，玉樓宴罷醉和春。 | 姊妹弟兄皆列土，可憐光彩生門戶。 | 遂令天下父母心，不重生男重生女。 | 驪宮高處入青雲，仙樂風飄處處聞。 | 緩歌慢舞凝絲竹，盡日君王看不足。 | 漁陽鞞鼓動地來，驚破霓裳羽衣曲。 | 九重城闕煙塵生，千乘萬騎西南行。 | 翠華搖搖行復止，西出都門百餘里。 | 六軍不發無奈何，宛轉蛾眉馬前死。 | 花鈿委地無人收，翠翹金雀玉搔頭。 | 君王掩面救不得，回看血淚相和流。 | 黃埃散漫風蕭索，雲棧縈紆登劒閣。 | 峨嵋山下少人行，旌旗無光日色薄。 | 蜀江水碧蜀山青，聖主朝朝暮暮情。 | 行宮見月傷心色，夜雨聞鈴腸斷聲。 | 天旋日轉迴龍馭，到此躊躇不能去。 | 馬嵬坡下泥土中，不見玉顏空死處。 | 君臣相顧盡霑衣，東望都門信馬歸。 | 歸來池苑皆依舊，太液芙蓉未央柳。 | 芙蓉如面柳如眉，對此如何不淚垂？ | 春風桃李花開夜，秋雨梧桐葉落時。 | 西宮南苑多秋草，宮葉滿階紅不埽。 | 棃園弟子白髮新，椒房阿監青娥老。 | 夕殿螢飛思悄然，孤燈挑盡未成眠。 | 遲遲鐘鼓初長夜，耿耿星河欲曙天。 | 鴛鴦瓦冷霜華重，翡翠衾寒誰與共。 | 悠悠生死別經年，魂魄不曾來入夢。 | 臨邛道士鴻都客，能以精誠致魂魄。 | 爲感君王展轉思，遂教方士殷勤覓。 | 排空馭氣奔如電，升天入地求之徧。 | 上窮碧落下黃泉，兩處茫茫皆不見。 | 忽聞海上有仙山，山在虛無縹緲間。 | 樓閣玲瓏五雲起，其中綽約多仙子。 | 中有一人字太真，雪膚花貌參差是。 | 金闕西廂叩玉扃，轉教小玉報雙成。 | 聞道漢家天子使，九華帳裏夢魂驚。 | 攬衣推枕起裴回，珠箔銀屏邐迤開。 | 雲鬢半偏新睡覺，花冠不整下堂來。 | 風吹仙袂飄颻舉，猶似霓裳羽衣舞。 | 玉容寂莫淚闌干，棃花一枝春帶雨。 | 含情凝睇謝君王，一別音容兩渺茫。 | 昭陽殿裏恩愛絕，蓬萊宮中日月長。 | 回頭下望人寰處，不見長安見塵霧。 | 唯將舊物表深情，鈿合金釵寄將去。 | 釵留一股合一扇，釵擘黃金合分鈿。 | 但教心似金鈿堅，天上人間會相見。 | 臨別殷勤重寄詞，詞中有誓兩心知。 | 七月七日長生殿，夜半無人私語時。 | 在天願作比翼鳥，在地願爲連理枝。 | 天長地久有時盡，此恨緜緜無絕期。,poet.tang.22000.json
长安,108.94,34.26,唐,815,韓愈,春雪,看雪乘清旦，無人坐獨謠。 | 拂花輕尚起，落地煖初銷。 | 已訝陵歌扇，還來伴舞腰。 | 灑篁留密節，著柳送長條。 | 入鏡鸞窺沼，行天馬度橋。 | 徧堦憐可掬，滿樹戲成搖。 | 江浪迎濤日，風毛縱獵朝。 | 弄閑時細轉，爭急[忽]驚飄。 | 城險疑懸布，砧寒未擣綃。 | 莫愁陰景促，夜色自相饒。,poet.tang.18000.json
长安,108.94,34.26,唐,815,韓愈,春雪,新年都未有芳華，二月初驚見草芽。 | 白雪却嫌春色晚，故穿庭樹作飛花。,poet.tang.18000.json
长安,108.94,34.26,唐,815,韓愈,春雪,片片驅鴻急，紛紛逐吹斜。 | 到江還作水，著樹漸成花。 | 越喜飛排瘴，胡愁厚蓋砂。 | 兼雲封洞口，助月照天涯。 | 暝見迷巢鳥，朝逢失轍車。 | 呈豐盡相賀，寧止力耕家。,poet.tang.18000.json
长安,108.94,34.26,唐,823,韓愈,早春呈水部張十八員外二首 一,天街小雨潤如酥，草色遙看近却無。 | 最是一年春好處，絕勝煙柳滿皇都。,poet.tang.18000.json
长安,108.94,34.26,唐,823,韓愈,早春呈水部張十八員外二首 二,莫道官忙身老大，即無年少逐春心。 | 憑君先到江頭看，柳色如今深未深。,poet.tang.18000.json
长安,108.94,34.26,唐,848,李商隱,樂遊原,向晚意不適，驅車登古原。 | 夕陽無限好，只是近黃昏。,poet.tang.29000.json
长安,108.94,34.26,唐,848,李商隱,常娥,雲母屏風燭影深，長河漸落曉星沈。 | 常娥應悔偷靈藥，碧海青天夜夜心。,poet.tang.29000.json
长安,108.94,34.26,唐,848,李商隱,樂遊原,萬樹鳴蟬隔岸虹，樂遊原上有西風。 | 羲和自趁虞泉宿，不放斜陽更向東。,poet.tang.29000.json
长安,108.94,34.26,唐,848,李商隱,樂遊原,春夢亂不記，春原登已重。 | 青門弄煙柳，紫閣舞雲松。 | 拂硯輕冰散，開尊綠酎濃。 | 無悰託詩遣，吟罷更無悰。,poet.tang.29000.json
长安,108.94,34.26,唐,855,溫庭筠,菩薩蠻 一,小山重疊金明滅，鬢雲欲度香顋雪。 | 嬾起畫蛾眉，弄妝梳洗遲。 | 照花前後鏡，花面交相映。 | 新帖繡羅襦，雙雙金鷓鴣。,poet.tang.49000.json
长安,108.94,34.26,唐,880,韋莊,菩薩蠻 一,紅樓別夜堪惆悵，香燈半卷流蘇帳。 | 殘月出門時，美人和淚辭。 | 琵琶金翠羽，弦上黃鶯語。 | 勸我早歸家，綠窗人似花。,poet.tang.49000.json
长安,108.94,34.26,宋,1015,柳永,少年游,长安古道马迟迟。 | 高柳乱蝉栖。 | 夕阳岛外，秋风原上，目断四天垂。 | 归云一去无踪迹，何处是前期。 | 狎兴生疏，酒徒萧索，不似去年时。,ci.song.0.json
阆中,105.97,31.58,唐,764,杜甫,閬山歌,閬州城中靈山白，閬州城北玉臺碧。 | 松浮欲盡不盡雲，江動將崩未崩石。 | 那知根無鬼神會，已覺氣與嵩華敵。 | 中原格鬬且未歸，應結茅齋看青壁。,poet.tang.10000.json
阆中,105.97,31.58,唐,764,杜甫,閬水歌,嘉陵江色何所似，石黛碧玉相因依。 | 正憐日破浪花出，更復春從沙際歸。 | 巴童蕩槳攲側過，水雞銜魚來去飛。 | 閬中勝事可腸斷，閬州城南天下稀。,poet.tang.10000.json
阆中,105.97,31.58,唐,765,杜甫,別房太尉墓,他鄉復行役，駐馬別孤墳。 | 近淚無乾土，低空有斷雲。 | 對碁陪謝傅，把劒覓徐君。 | 唯見林花落，鸎啼送客聞。,poet.tang.11000.json
阳关,94.05,39.75,唐,735,李白,塞下曲六首 一,五月天山雪，無花祗有寒。 | 笛中聞折柳，春色未曾看。 | 曉戰隨金鼓，宵眠抱玉鞍。 | 願將腰下劒，直爲斬樓蘭。,poet.tang.8000.json
阳关,94.05,39.75,唐,735,李白,塞下曲六首 二,天兵下北荒，胡馬欲南飲。 | 橫戈從百戰，直爲銜恩甚。 | 握雪海上餐，拂沙隴頭寢。 | 何當破月氏，然後方高枕。,poet.tang.8000.json
阳关,94.05,39.75,唐,735,李白,塞下曲六首 三,駿馬似風飆，鳴鞭出渭橋。 | 彎弓辭漢月，插羽破天驕。 | 陣解星芒盡，營空海霧消。 | 功成畫麟閣，獨有霍嫖姚。,poet.tang.8000.json
阳关,94.05,39.75,唐,735,李白,塞下曲六首 四,白馬黃金塞，雲砂遶夢思。 | 那堪愁苦節，遠憶邊城兒。 | 螢飛秋窗滿，月度霜閨遲。 | 摧殘梧桐葉，蕭颯沙棠枝。 | 無時獨不見，流淚空自知。,poet.tang.8000.json
阳关,94.05,39.75,唐,735,李白,塞下曲六首 五,塞虜乘秋下，天兵出漢家。 | 將軍分虎竹，戰士臥龍沙。 | 邊月隨弓影，胡霜拂劒花。 | 玉關殊未入，少婦莫長嗟。,poet.tang.8000.json
阳关,94.05,39.75,唐,735,李白,塞下曲六首 六,烽火動沙漠，連照甘泉雲。 | 漢皇按劒起，還召李將軍。 | 兵氣天上合，鼓聲隴底聞。 | 橫行負勇氣，一戰淨妖氛。,poet.tang.8000.json
阳关,94.05,39.75,唐,744,李白,橫吹曲辭 關山月,明月出天山，蒼茫雲海間。 | 長風幾萬里，吹度玉門關。 | 漢下白登道，胡窺青海灣。 | 由來征戰地，不見有人還。 | 戍客望邊色，思歸多苦顏。 | 高樓當此夜，歎息未應閑。,poet.tang.0.json
阳关,94.05,39.75,唐,744,李白,關山月,明月出天山，蒼茫雲海間。 | 長風幾萬里，吹度玉門關。 | 漢下白登道，胡窺青海灣。 | 由來征戰地，不見有人還。 | [戍]客望邊色，思歸多苦顏。 | 高樓當此夜，歎息未應閑。,poet.tang.8000.json
鹳雀楼,110.45,34.87,唐,704,王之渙,登鸛雀樓,白日依山盡，黃河入海流。 | 欲窮千里目，更上一層樓。,poet.tang.13000.json
鹳雀楼,110.45,34.87,唐,790,暢當,登鸛雀樓,逈臨飛鳥上，高出世塵間。 | 天勢圍平野，河流入斷山。,poet.tang.15000.json
鹳雀楼,110.45,34.87,唐,800,李益,同崔邠登鸛雀樓,鸛雀樓西百尺檣，汀洲雲樹共茫茫。 | 漢家簫鼓空流水，魏國山河半夕陽。 | 事去千年猶恨速，愁來一日即爲長。 | 風煙倂起思歸望，遠目非春亦自傷。,poet.tang.15000.json
黄州,114.87,30.45,宋,1081,苏轼,水龙吟,似花还似非花，也无人惜从教坠。 | 抛家傍路，思量却是，无情有思。 | 萦损柔肠，困酣娇眼，欲开还闭。 | 梦随风万里，寻郎去处，又还被、莺呼起。 | 不恨此花飞尽，恨西园、落红难缀。 | 晓来雨过，遗踪何在，一池萍碎。 | 春色三分，二分尘土，一分流水。 | 细看来，不是杨花点点，是离人泪。,ci.song.1000.json
黄州,114.87,30.45,宋,1082,苏轼,临江仙,夜饮东坡醒复醉，归来仿佛三更。 | 家童鼻息已雷鸣。 | 敲门都不应，倚杖听江声。 | 长恨此身非我有，何时忘却营营。 | 夜阑风静縠纹平。 | 小舟从此逝，江海寄馀生。,ci.song.1000.json
黄州,114.87,30.45,宋,1082,苏轼,鹧鸪天,林断山明竹隐墙。 | 乱蝉衰草小池塘。 | 翻空白鸟时时见，照水红蕖细细香。 | 村舍外，古城旁。 | 杖藜徐步转斜阳。 | 殷勤昨夜三更雨，又得浮生一日凉。,ci.song.1000.json
黄州,114.87,30.45,宋,1082,苏轼,定风波,两两轻红半晕腮。 | 依依独为使君回。 | 若道使君无此意。 | 何为。 | 双花不向别人开。 | 但看低昂烟雨里。 | 不已。 | 劝君休诉十分杯。 | 更问尊前狂副使。 | 来岁。 | 花开时节与谁来。,ci.song.1000.json
黄州,114.87,30.45,宋,1082,苏轼,定风波,莫听穿林打叶声。 | 何妨吟啸且徐行。 | 竹杖芒鞋轻胜马。 | 谁怕。 | 一蓑烟雨任平生。 | 料峭春风吹酒醒。 | 微冷。 | 山头斜照却相迎。 | 回首向来潇洒处。 | 归去。 | 也无风雨也无晴。,ci.song.1000.json
黄州,114.87,30.45,宋,1082,苏轼,定风波,与客携壶上翠微。 | 江涵秋影雁初飞。 | 尘世难逢开口笑。 | 年少。 | 菊花须插满头归。 | 酩酊但酬佳节了。 | 云峤。 | 登临不用怨斜晖。 | 古往今来谁不老。 | 多少。 | 牛山何必更沾衣。,ci.song.1000.json
黄州,114.87,30.45,宋,1082,苏轼,定风波,莫怪鸳鸯绣带长。 | 腰轻不胜舞衣裳。 | 薄幸只贪游冶去。 | 何处。 | 垂杨系马恣轻狂。 | 花谢絮飞春又尽。 | 堪恨。 | 断弦尘管伴啼妆。 | 不信归来但自看。 | 怕见。 | 为郎憔悴却羞郎。,ci.song.1000.json
黄州,114.87,30.45,宋,1082,苏轼,定风波,千古风流阮步兵。 | 平生游宦爱东平。 | 千里远来还不住。 | 归去。 | 空留风韵照人清。 | 红粉尊前深懊恼。 | 休道。 | 怎生留得许多情。 | 记得明年花絮乱。 | 须看。 | 泛西湖是断肠声。,ci.song.1000.json
黄州,114.87,30.45,宋,1082,苏轼,定风波,雨洗娟娟嫩叶光。 | 风吹细细绿筠香。 | 秀色乱侵书帙晚。 | 帘卷。 | 清阴微过酒尊凉。 | 人画竹身肥拥肿。 | 何用。 | 先生落笔胜萧郎。 | 记得小轩岑寂夜。 | 廊下。 | 月和疏影上东墙。,ci.song.1000.json
黄州,114.87,30.45,宋,1082,苏轼,定风波,好睡慵开莫厌迟。 | 自怜冰脸不时宜。 | 偶作小红桃杏色，闲雅，尚馀孤瘦雪霜姿。 | 休把闲心随物态，何事，酒生微晕沁瑶肌。 | 诗老不知梅格在，吟咏，更看绿叶与青枝。,ci.song.1000.json
黄州,114.87,30.45,宋,1082,苏轼,定风波,月满苕溪照夜堂。 | 五星一老斗光芒。 | 十五年间真梦里。 | 何事。 | 长庚对月独凄凉。 | 绿鬓苍颜同一醉。 | 还是。 | 六人吟笑水云乡。 | 宾主谈锋谁得似。 | 看取。 | 曹刘今对两苏张。,ci.song.1000.json
黄州,114.87,30.45,宋,1082,苏轼,定风波,常羡人间琢玉郎。 | 天应乞与点酥娘。 | 尽道清歌传皓齿。 | 风起。 | 雪飞炎海变清凉。 | 万里归来颜愈少。 | 微笑。 | 笑时犹带岭梅香。 | 试问岭南应不好。 | 却道。 | 此心安处是吾乡。,ci.song.1000.json
黄州,114.87,30.45,宋,1082,苏轼,蝶恋花,花褪残红青杏小。 | 燕子飞时，绿水人家绕。 | 枝上柳绵吹又少。 | 天涯何处无芳草。 | 墙里秋千墙外道。 | 墙外行人，墙里佳人笑。 | 笑渐不闻声渐悄。 | 多情却被无情恼。,ci.song.1000.json
黄州,114.87,30.45,宋,1082,苏轼,浣溪沙,山下兰芽短浸溪。 | 松间沙路净无泥。 | 萧萧暮雨子规啼。 | 谁道人生无再少，门前流水尚能西。 | 休将白发唱黄鸡。,ci.song.1000.json
黄州,114.87,30.45,宋,1082,苏轼,定风波,闲卧藤床观社柳。,ci.song.1000.json
黄州,114.87,30.45,宋,1082,苏轼,定风波,子瞻书困点新茶。,ci.song.1000.json
黄州,114.87,30.45,宋,1083,苏轼,卜算子,缺月挂疏桐，漏断人初静。 | 时见幽人独往来，缥缈孤鸿影。 | 惊起却回头，有恨无人省。 | 拣尽寒枝不肯栖，枫落吴江冷。,ci.song.1000.json
黄州,114.87,30.45,宋,1084,苏轼,浣溪沙,细雨斜风作晓寒。 | 淡烟疏柳媚晴滩。 | 入淮清洛渐漫漫。 | 雪沫乳花浮午盏，蓼茸蒿笋试春盘。 | 人间有味是清欢。,ci.song.1000.json
黄州,114.87,30.45,宋,1084,蘇軾,海棠,東風嫋嫋泛崇光，香霧空濛月轉廊。 | 只恐夜深花睡去，故燒高燭照紅妝。,poet.song.45000.json
黄鹤楼,114.3,30.55,唐,730,李白,黃鶴樓送孟浩然之廣陵,故人西辭黃鶴樓，煙花三月下揚州。 | 孤帆遠影碧山盡，唯見長江天際流。,poet.tang.8000.json
黄鹤楼,114.3,30.55,唐,745,崔顥,黃鶴樓,昔人已乘白雲去，此地空餘黃鶴樓。 | 黃鶴一去不復返，白雲千載空悠悠。 | 晴川歷歷漢陽樹，春草萋萋鸚鵡洲。 | 日暮鄉關何處是，煙波江上使人愁。,poet.tang.6000.json
黄鹤楼,114.3,30.55,唐,824,劉禹錫,西塞山懷古,西晉樓船下益州，金陵王氣黯然收。 | 千尋鐵鎖沈江底，一片降旛出石頭。 | 人世幾回傷往事，山形依舊枕江流。 | 今逢四海爲家日，故壘蕭蕭蘆荻秋。,poet.tang.19000.json
